"alpha","lamda1","rho_A","rho_I"
0.02,0.02,0.6737,0.5922
0.02,0.04,0.7004,0.5312
0.02,0.06,0.6871,0.5862
0.02,0.08,0.6685,0.5701
0.02,0.1,0.6951,0.5787
0.02,0.12,0.6997,0.5602
0.02,0.14,0.694,0.5784
0.02,0.16,0.696,0.5597
0.02,0.18,0.7059,0.5926
0.02,0.2,0.6957,0.5916
0.02,0.22,0.6991,0.5745
0.02,0.24,0.7109,0.5653
0.02,0.26,0.6836,0.6136
0.02,0.28,0.6774,0.5734
0.02,0.3,0.6799,0.5317
0.02,0.32,0.7003,0.5579
0.02,0.34,0.685,0.5936
0.02,0.36,0.7028,0.5891
0.02,0.38,0.6909,0.5835
0.02,0.4,0.7043,0.5698
0.02,0.42,0.6924,0.5855
0.02,0.44,0.6952,0.5977
0.02,0.46,0.6905,0.5672
0.02,0.48,0.6952,0.5749
0.02,0.5,0.6874,0.584
0.02,0.52,0.6758,0.6125
0.02,0.54,0.6919,0.5544
0.02,0.56,0.6816,0.5876
0.02,0.58,0.6794,0.5842
0.02,0.6,0.7095,0.5661
0.02,0.62,0.6879,0.5997
0.02,0.64,0.6967,0.5693
0.02,0.66,0.6793,0.6049
0.02,0.68,0.6856,0.5818
0.02,0.7,0.6921,0.5784
0.02,0.72,0.6906,0.5803
0.02,0.74,0.7045,0.5651
0.02,0.76,0.7196,0.544
0.02,0.78,0.6901,0.5813
0.02,0.8,0.7105,0.5653
0.02,0.82,0.66,0.5909
0.02,0.84,0.6846,0.5654
0.02,0.86,0.6917,0.5443
0.02,0.88,0.6986,0.5702
0.02,0.9,0.705,0.5732
0.02,0.92,0.7103,0.5536
0.02,0.94,0.6847,0.5914
0.02,0.96,0.7012,0.5946
0.02,0.98,0.6891,0.5687
0.02,1,0.6903,0.5615
0.04,0.02,0.6791,0.5726
0.04,0.04,0.6804,0.5778
0.04,0.06,0.6783,0.562
0.04,0.08,0.6913,0.5995
0.04,0.1,0.6891,0.5907
0.04,0.12,0.6893,0.574
0.04,0.14,0.6777,0.5761
0.04,0.16,0.6613,0.583
0.04,0.18,0.7009,0.5663
0.04,0.2,0.6958,0.5657
0.04,0.22,0.6977,0.5825
0.04,0.24,0.6845,0.5653
0.04,0.26,0.6889,0.5686
0.04,0.28,0.6993,0.5751
0.04,0.3,0.6684,0.5678
0.04,0.32,0.6788,0.5738
0.04,0.34,0.6653,0.5877
0.04,0.36,0.7178,0.5513
0.04,0.38,0.7032,0.5715
0.04,0.4,0.6814,0.5661
0.04,0.42,0.6834,0.599
0.04,0.44,0.6835,0.5913
0.04,0.46,0.6882,0.5716
0.04,0.48,0.6607,0.5768
0.04,0.5,0.6763,0.5465
0.04,0.52,0.6739,0.5978
0.04,0.54,0.6893,0.5783
0.04,0.56,0.6743,0.6111
0.04,0.58,0.6985,0.6001
0.04,0.6,0.6806,0.5492
0.04,0.62,0.6788,0.5764
0.04,0.64,0.7042,0.5646
0.04,0.66,0.6646,0.5871
0.04,0.68,0.696,0.555
0.04,0.7,0.688,0.5739
0.04,0.72,0.7031,0.5642
0.04,0.74,0.6953,0.575
0.04,0.76,0.695,0.5665
0.04,0.78,0.6872,0.5595
0.04,0.8,0.6974,0.5736
0.04,0.82,0.7107,0.5666
0.04,0.84,0.6814,0.5692
0.04,0.86,0.694,0.5797
0.04,0.88,0.6934,0.5661
0.04,0.9,0.6902,0.5664
0.04,0.92,0.6922,0.5763
0.04,0.94,0.6905,0.5528
0.04,0.96,0.7006,0.5673
0.04,0.98,0.7086,0.566
0.04,1,0.678,0.5933
0.06,0.02,0.6838,0.5559
0.06,0.04,0.6983,0.5824
0.06,0.06,0.6827,0.5798
0.06,0.08,0.6978,0.5814
0.06,0.1,0.6945,0.5694
0.06,0.12,0.6632,0.5912
0.06,0.14,0.6752,0.5766
0.06,0.16,0.6967,0.5813
0.06,0.18,0.6885,0.5663
0.06,0.2,0.6972,0.5832
0.06,0.22,0.6893,0.5723
0.06,0.24,0.6629,0.5632
0.06,0.26,0.7006,0.5784
0.06,0.28,0.6747,0.5903
0.06,0.3,0.6753,0.5696
0.06,0.32,0.6659,0.5872
0.06,0.34,0.6935,0.5766
0.06,0.36,0.6912,0.5816
0.06,0.38,0.6901,0.5744
0.06,0.4,0.688,0.5621
0.06,0.42,0.6836,0.5372
0.06,0.44,0.6877,0.5879
0.06,0.46,0.6811,0.5708
0.06,0.48,0.6947,0.5802
0.06,0.5,0.7118,0.5463
0.06,0.52,0.6988,0.5534
0.06,0.54,0.6828,0.5769
0.06,0.56,0.6917,0.5773
0.06,0.58,0.6886,0.5517
0.06,0.6,0.6736,0.5696
0.06,0.62,0.6845,0.5435
0.06,0.64,0.7115,0.584
0.06,0.66,0.6853,0.5583
0.06,0.68,0.6865,0.5527
0.06,0.7,0.682,0.5673
0.06,0.72,0.673,0.5854
0.06,0.74,0.697,0.5414
0.06,0.76,0.6804,0.5811
0.06,0.78,0.6701,0.5825
0.06,0.8,0.6749,0.5498
0.06,0.82,0.6778,0.5639
0.06,0.84,0.6861,0.5619
0.06,0.86,0.6708,0.571
0.06,0.88,0.6805,0.5676
0.06,0.9,0.6976,0.5815
0.06,0.92,0.6706,0.5736
0.06,0.94,0.6741,0.5937
0.06,0.96,0.7005,0.5318
0.06,0.98,0.6965,0.5486
0.06,1,0.6795,0.5735
0.08,0.02,0.688,0.5774
0.08,0.04,0.6876,0.6005
0.08,0.06,0.6866,0.5723
0.08,0.08,0.6913,0.5749
0.08,0.1,0.6928,0.5834
0.08,0.12,0.6881,0.5402
0.08,0.14,0.6836,0.571
0.08,0.16,0.6886,0.5822
0.08,0.18,0.6831,0.5619
0.08,0.2,0.6868,0.5726
0.08,0.22,0.6842,0.5915
0.08,0.24,0.6826,0.5716
0.08,0.26,0.6888,0.5777
0.08,0.28,0.6591,0.5747
0.08,0.3,0.6622,0.5754
0.08,0.32,0.684,0.561
0.08,0.34,0.6723,0.5728
0.08,0.36,0.6689,0.579
0.08,0.38,0.6954,0.5574
0.08,0.4,0.7066,0.5596
0.08,0.42,0.6762,0.5848
0.08,0.44,0.6801,0.5636
0.08,0.46,0.6849,0.5861
0.08,0.48,0.6886,0.5792
0.08,0.5,0.6797,0.5725
0.08,0.52,0.6798,0.5748
0.08,0.54,0.6853,0.5509
0.08,0.56,0.6771,0.5748
0.08,0.58,0.6807,0.5783
0.08,0.6,0.6652,0.5817
0.08,0.62,0.691,0.5725
0.08,0.64,0.6712,0.5701
0.08,0.66,0.7024,0.5687
0.08,0.68,0.6606,0.5895
0.08,0.7,0.6924,0.5598
0.08,0.72,0.6881,0.5829
0.08,0.74,0.6865,0.5764
0.08,0.76,0.6908,0.5642
0.08,0.78,0.6675,0.5758
0.08,0.8,0.6885,0.5519
0.08,0.82,0.6828,0.5764
0.08,0.84,0.6663,0.5878
0.08,0.86,0.6876,0.5448
0.08,0.88,0.6951,0.57
0.08,0.9,0.6686,0.557
0.08,0.92,0.6854,0.555
0.08,0.94,0.6796,0.5878
0.08,0.96,0.6985,0.5671
0.08,0.98,0.6957,0.5755
0.08,1,0.6705,0.5812
0.1,0.02,0.685,0.5554
0.1,0.04,0.6927,0.5793
0.1,0.06,0.6875,0.5422
0.1,0.08,0.6923,0.5581
0.1,0.1,0.6929,0.5644
0.1,0.12,0.698,0.5777
0.1,0.14,0.6786,0.588
0.1,0.16,0.667,0.5945
0.1,0.18,0.6854,0.5609
0.1,0.2,0.6931,0.5651
0.1,0.22,0.6931,0.5726
0.1,0.24,0.6734,0.5519
0.1,0.26,0.6814,0.5661
0.1,0.28,0.6799,0.5736
0.1,0.3,0.6921,0.558
0.1,0.32,0.6875,0.5737
0.1,0.34,0.6915,0.5684
0.1,0.36,0.6615,0.5305
0.1,0.38,0.6723,0.5663
0.1,0.4,0.6849,0.597
0.1,0.42,0.6812,0.5783
0.1,0.44,0.6903,0.5455
0.1,0.46,0.7008,0.5596
0.1,0.48,0.6735,0.5906
0.1,0.5,0.6674,0.5679
0.1,0.52,0.6768,0.5688
0.1,0.54,0.6662,0.5735
0.1,0.56,0.685,0.5822
0.1,0.58,0.7177,0.5646
0.1,0.6,0.7058,0.5519
0.1,0.62,0.6996,0.5547
0.1,0.64,0.6801,0.5853
0.1,0.66,0.6989,0.5463
0.1,0.68,0.6961,0.5796
0.1,0.7,0.6933,0.5668
0.1,0.72,0.687,0.5735
0.1,0.74,0.6941,0.5798
0.1,0.76,0.6703,0.5184
0.1,0.78,0.6848,0.567
0.1,0.8,0.6714,0.5811
0.1,0.82,0.6856,0.5625
0.1,0.84,0.703,0.5679
0.1,0.86,0.6934,0.5595
0.1,0.88,0.6826,0.5741
0.1,0.9,0.7032,0.5884
0.1,0.92,0.6846,0.5767
0.1,0.94,0.6905,0.5812
0.1,0.96,0.6819,0.5708
0.1,0.98,0.6644,0.5749
0.1,1,0.6806,0.5613
0.12,0.02,0.6709,0.5759
0.12,0.04,0.6764,0.5726
0.12,0.06,0.6912,0.5585
0.12,0.08,0.6883,0.5603
0.12,0.1,0.6598,0.5667
0.12,0.12,0.6566,0.5501
0.12,0.14,0.6618,0.5807
0.12,0.16,0.6596,0.5724
0.12,0.18,0.6714,0.5624
0.12,0.2,0.654,0.5657
0.12,0.22,0.6767,0.5436
0.12,0.24,0.6942,0.5687
0.12,0.26,0.6951,0.5543
0.12,0.28,0.6658,0.5547
0.12,0.3,0.7108,0.572
0.12,0.32,0.6711,0.5393
0.12,0.34,0.6946,0.5711
0.12,0.36,0.6883,0.5607
0.12,0.38,0.6785,0.5624
0.12,0.4,0.6703,0.5566
0.12,0.42,0.6956,0.5715
0.12,0.44,0.6763,0.5674
0.12,0.46,0.7027,0.5734
0.12,0.48,0.6765,0.5493
0.12,0.5,0.6726,0.5776
0.12,0.52,0.675,0.5618
0.12,0.54,0.6825,0.5623
0.12,0.56,0.6734,0.5732
0.12,0.58,0.6766,0.5599
0.12,0.6,0.6886,0.542
0.12,0.62,0.6723,0.5684
0.12,0.64,0.7026,0.5826
0.12,0.66,0.6801,0.5662
0.12,0.68,0.6773,0.5707
0.12,0.7,0.6651,0.582
0.12,0.72,0.6674,0.5783
0.12,0.74,0.6952,0.5414
0.12,0.76,0.6875,0.5817
0.12,0.78,0.68,0.5606
0.12,0.8,0.6545,0.5726
0.12,0.82,0.6855,0.5772
0.12,0.84,0.6824,0.5551
0.12,0.86,0.6867,0.5546
0.12,0.88,0.6735,0.5791
0.12,0.9,0.6945,0.5609
0.12,0.92,0.6766,0.578
0.12,0.94,0.6828,0.5703
0.12,0.96,0.6648,0.5743
0.12,0.98,0.6586,0.6008
0.12,1,0.658,0.5605
0.14,0.02,0.6969,0.5699
0.14,0.04,0.7018,0.5561
0.14,0.06,0.6919,0.5638
0.14,0.08,0.6921,0.5672
0.14,0.1,0.6859,0.5585
0.14,0.12,0.6792,0.5865
0.14,0.14,0.6545,0.578
0.14,0.16,0.666,0.5791
0.14,0.18,0.6766,0.5696
0.14,0.2,0.7019,0.5362
0.14,0.22,0.6632,0.5547
0.14,0.24,0.6671,0.5817
0.14,0.26,0.6698,0.5835
0.14,0.28,0.675,0.5532
0.14,0.3,0.6999,0.5542
0.14,0.32,0.6745,0.6046
0.14,0.34,0.6987,0.5685
0.14,0.36,0.6629,0.5586
0.14,0.38,0.6643,0.5416
0.14,0.4,0.68,0.5795
0.14,0.42,0.6917,0.5502
0.14,0.44,0.6568,0.5679
0.14,0.46,0.6894,0.5398
0.14,0.48,0.6847,0.5573
0.14,0.5,0.6682,0.5546
0.14,0.52,0.6694,0.5537
0.14,0.54,0.6708,0.571
0.14,0.56,0.6523,0.5689
0.14,0.58,0.6829,0.5855
0.14,0.6,0.6664,0.5497
0.14,0.62,0.673,0.5705
0.14,0.64,0.6597,0.5718
0.14,0.66,0.6656,0.5722
0.14,0.68,0.6936,0.5677
0.14,0.7,0.6734,0.5636
0.14,0.72,0.6776,0.5873
0.14,0.74,0.6879,0.5339
0.14,0.76,0.6671,0.581
0.14,0.78,0.6565,0.5705
0.14,0.8,0.6737,0.57
0.14,0.82,0.6893,0.5544
0.14,0.84,0.681,0.5544
0.14,0.86,0.6726,0.5864
0.14,0.88,0.6872,0.5675
0.14,0.9,0.6589,0.5488
0.14,0.92,0.6803,0.5431
0.14,0.94,0.6836,0.5788
0.14,0.96,0.6919,0.5744
0.14,0.98,0.6655,0.5612
0.14,1,0.6609,0.5749
0.16,0.02,0.6819,0.5487
0.16,0.04,0.6826,0.5541
0.16,0.06,0.6724,0.547
0.16,0.08,0.6862,0.564
0.16,0.1,0.6959,0.5631
0.16,0.12,0.6542,0.581
0.16,0.14,0.6698,0.5483
0.16,0.16,0.6727,0.5883
0.16,0.18,0.6895,0.543
0.16,0.2,0.6782,0.5723
0.16,0.22,0.6572,0.578
0.16,0.24,0.6826,0.5633
0.16,0.26,0.6938,0.5645
0.16,0.28,0.6835,0.5464
0.16,0.3,0.6627,0.5705
0.16,0.32,0.6763,0.5449
0.16,0.34,0.6775,0.5731
0.16,0.36,0.6739,0.5606
0.16,0.38,0.6572,0.566
0.16,0.4,0.6674,0.554
0.16,0.42,0.6873,0.554
0.16,0.44,0.6691,0.5764
0.16,0.46,0.6495,0.5878
0.16,0.48,0.6852,0.5791
0.16,0.5,0.671,0.5568
0.16,0.52,0.6827,0.5377
0.16,0.54,0.6979,0.5628
0.16,0.56,0.6732,0.5744
0.16,0.58,0.6864,0.5514
0.16,0.6,0.6737,0.5534
0.16,0.62,0.6712,0.556
0.16,0.64,0.6936,0.5409
0.16,0.66,0.6922,0.5555
0.16,0.68,0.6948,0.552
0.16,0.7,0.6898,0.5605
0.16,0.72,0.6683,0.5824
0.16,0.74,0.6678,0.5563
0.16,0.76,0.6796,0.5557
0.16,0.78,0.6722,0.5676
0.16,0.8,0.6729,0.5462
0.16,0.82,0.667,0.5818
0.16,0.84,0.6892,0.5451
0.16,0.86,0.6705,0.5338
0.16,0.88,0.6719,0.5544
0.16,0.9,0.6774,0.5759
0.16,0.92,0.664,0.5678
0.16,0.94,0.6625,0.5674
0.16,0.96,0.6911,0.5386
0.16,0.98,0.67,0.5615
0.16,1,0.6885,0.5608
0.18,0.02,0.6919,0.5531
0.18,0.04,0.6676,0.572
0.18,0.06,0.6841,0.5239
0.18,0.08,0.6824,0.5522
0.18,0.1,0.6411,0.5507
0.18,0.12,0.6906,0.5727
0.18,0.14,0.6819,0.5249
0.18,0.16,0.6691,0.5851
0.18,0.18,0.6712,0.5868
0.18,0.2,0.6654,0.567
0.18,0.22,0.662,0.5431
0.18,0.24,0.6915,0.5443
0.18,0.26,0.664,0.5716
0.18,0.28,0.6552,0.5728
0.18,0.3,0.686,0.5792
0.18,0.32,0.6667,0.5611
0.18,0.34,0.6705,0.5617
0.18,0.36,0.6698,0.5645
0.18,0.38,0.6814,0.5917
0.18,0.4,0.668,0.5753
0.18,0.42,0.677,0.5694
0.18,0.44,0.6939,0.553
0.18,0.46,0.6637,0.587
0.18,0.48,0.6627,0.5661
0.18,0.5,0.6705,0.5875
0.18,0.52,0.6757,0.5617
0.18,0.54,0.6668,0.5351
0.18,0.56,0.6544,0.5662
0.18,0.58,0.6955,0.5437
0.18,0.6,0.6796,0.5271
0.18,0.62,0.6924,0.5778
0.18,0.64,0.693,0.5446
0.18,0.66,0.6901,0.5548
0.18,0.68,0.682,0.5823
0.18,0.7,0.6801,0.5703
0.18,0.72,0.6882,0.5509
0.18,0.74,0.6901,0.5569
0.18,0.76,0.683,0.5359
0.18,0.78,0.6675,0.5475
0.18,0.8,0.6503,0.5435
0.18,0.82,0.663,0.5694
0.18,0.84,0.6876,0.553
0.18,0.86,0.6626,0.5504
0.18,0.88,0.6864,0.5211
0.18,0.9,0.6653,0.5454
0.18,0.92,0.6806,0.5397
0.18,0.94,0.662,0.577
0.18,0.96,0.678,0.5565
0.18,0.98,0.6828,0.5532
0.18,1,0.667,0.5765
0.2,0.02,0.6631,0.5322
0.2,0.04,0.6583,0.5787
0.2,0.06,0.6828,0.5443
0.2,0.08,0.6754,0.5549
0.2,0.1,0.6582,0.5881
0.2,0.12,0.6473,0.557
0.2,0.14,0.6879,0.5689
0.2,0.16,0.6625,0.5432
0.2,0.18,0.6567,0.5663
0.2,0.2,0.674,0.5523
0.2,0.22,0.6859,0.569
0.2,0.24,0.6791,0.5617
0.2,0.26,0.6793,0.5315
0.2,0.28,0.6726,0.5771
0.2,0.3,0.6706,0.5431
0.2,0.32,0.6868,0.5411
0.2,0.34,0.6996,0.5357
0.2,0.36,0.6892,0.5467
0.2,0.38,0.7045,0.5368
0.2,0.4,0.6699,0.5605
0.2,0.42,0.6751,0.5545
0.2,0.44,0.6593,0.5563
0.2,0.46,0.6643,0.5417
0.2,0.48,0.6741,0.5708
0.2,0.5,0.6913,0.5502
0.2,0.52,0.6829,0.5663
0.2,0.54,0.6869,0.5667
0.2,0.56,0.6688,0.5653
0.2,0.58,0.6709,0.5703
0.2,0.6,0.6694,0.5477
0.2,0.62,0.6848,0.5519
0.2,0.64,0.6888,0.5516
0.2,0.66,0.655,0.5768
0.2,0.68,0.6897,0.5434
0.2,0.7,0.6698,0.5523
0.2,0.72,0.6691,0.5697
0.2,0.74,0.6952,0.5679
0.2,0.76,0.6674,0.5529
0.2,0.78,0.6683,0.557
0.2,0.8,0.6922,0.5342
0.2,0.82,0.6724,0.5472
0.2,0.84,0.6673,0.5583
0.2,0.86,0.6539,0.5526
0.2,0.88,0.6631,0.5485
0.2,0.9,0.6827,0.561
0.2,0.92,0.671,0.5642
0.2,0.94,0.6669,0.5277
0.2,0.96,0.6742,0.564
0.2,0.98,0.6739,0.5758
0.2,1,0.6949,0.5443
0.22,0.02,0.6638,0.5809
0.22,0.04,0.6863,0.5581
0.22,0.06,0.6579,0.5724
0.22,0.08,0.6707,0.5719
0.22,0.1,0.6635,0.5368
0.22,0.12,0.6526,0.5515
0.22,0.14,0.684,0.549
0.22,0.16,0.6708,0.5525
0.22,0.18,0.6669,0.553
0.22,0.2,0.6791,0.543
0.22,0.22,0.6736,0.5401
0.22,0.24,0.6793,0.5681
0.22,0.26,0.6529,0.5624
0.22,0.28,0.6766,0.5605
0.22,0.3,0.6671,0.5735
0.22,0.32,0.6796,0.5602
0.22,0.34,0.6696,0.5557
0.22,0.36,0.6771,0.5641
0.22,0.38,0.672,0.5321
0.22,0.4,0.6658,0.5402
0.22,0.42,0.6477,0.5724
0.22,0.44,0.6552,0.5637
0.22,0.46,0.6911,0.5512
0.22,0.48,0.6735,0.5372
0.22,0.5,0.6622,0.557
0.22,0.52,0.6641,0.5656
0.22,0.54,0.6573,0.5729
0.22,0.56,0.6835,0.5671
0.22,0.58,0.6788,0.5301
0.22,0.6,0.6649,0.532
0.22,0.62,0.6578,0.5722
0.22,0.64,0.6724,0.5655
0.22,0.66,0.6557,0.5359
0.22,0.68,0.6698,0.5432
0.22,0.7,0.6686,0.5482
0.22,0.72,0.666,0.5487
0.22,0.74,0.6574,0.5645
0.22,0.76,0.6408,0.5603
0.22,0.78,0.6701,0.5466
0.22,0.8,0.6736,0.5528
0.22,0.82,0.6638,0.5677
0.22,0.84,0.6695,0.5699
0.22,0.86,0.6508,0.5602
0.22,0.88,0.6512,0.5604
0.22,0.9,0.6814,0.5555
0.22,0.92,0.6771,0.5533
0.22,0.94,0.6769,0.5566
0.22,0.96,0.6566,0.5631
0.22,0.98,0.6592,0.5284
0.22,1,0.6639,0.5749
0.24,0.02,0.6472,0.5516
0.24,0.04,0.6677,0.5363
0.24,0.06,0.6779,0.5407
0.24,0.08,0.6539,0.571
0.24,0.1,0.6488,0.5297
0.24,0.12,0.6572,0.5784
0.24,0.14,0.6523,0.5662
0.24,0.16,0.6742,0.5489
0.24,0.18,0.6714,0.576
0.24,0.2,0.6686,0.5515
0.24,0.22,0.666,0.5698
0.24,0.24,0.6541,0.5575
0.24,0.26,0.672,0.5393
0.24,0.28,0.6827,0.5162
0.24,0.3,0.6797,0.5513
0.24,0.32,0.6776,0.5503
0.24,0.34,0.6668,0.557
0.24,0.36,0.6809,0.5603
0.24,0.38,0.6849,0.5515
0.24,0.4,0.6911,0.5607
0.24,0.42,0.6505,0.5567
0.24,0.44,0.669,0.5463
0.24,0.46,0.6678,0.533
0.24,0.48,0.6789,0.5644
0.24,0.5,0.6556,0.5539
0.24,0.52,0.6933,0.5593
0.24,0.54,0.6522,0.5591
0.24,0.56,0.655,0.5616
0.24,0.58,0.6702,0.5606
0.24,0.6,0.6565,0.5637
0.24,0.62,0.6905,0.5528
0.24,0.64,0.6612,0.5617
0.24,0.66,0.67,0.5455
0.24,0.68,0.6757,0.5024
0.24,0.7,0.6584,0.5707
0.24,0.72,0.6497,0.5831
0.24,0.74,0.6858,0.5349
0.24,0.76,0.6592,0.5569
0.24,0.78,0.665,0.5525
0.24,0.8,0.6753,0.5571
0.24,0.82,0.672,0.5474
0.24,0.84,0.6647,0.5262
0.24,0.86,0.6567,0.576
0.24,0.88,0.6632,0.5505
0.24,0.9,0.6676,0.5437
0.24,0.92,0.6424,0.5922
0.24,0.94,0.6676,0.5682
0.24,0.96,0.6596,0.5759
0.24,0.98,0.6733,0.5767
0.24,1,0.7008,0.5274
0.26,0.02,0.6805,0.5255
0.26,0.04,0.6494,0.5508
0.26,0.06,0.6736,0.5263
0.26,0.08,0.6843,0.5633
0.26,0.1,0.6658,0.5506
0.26,0.12,0.6475,0.5469
0.26,0.14,0.6711,0.5479
0.26,0.16,0.6587,0.568
0.26,0.18,0.6764,0.5434
0.26,0.2,0.6592,0.5619
0.26,0.22,0.6543,0.5804
0.26,0.24,0.6714,0.5451
0.26,0.26,0.6763,0.5576
0.26,0.28,0.6651,0.5528
0.26,0.3,0.642,0.5615
0.26,0.32,0.6558,0.5552
0.26,0.34,0.6512,0.5511
0.26,0.36,0.672,0.5665
0.26,0.38,0.6784,0.5616
0.26,0.4,0.6342,0.5715
0.26,0.42,0.6558,0.5368
0.26,0.44,0.6558,0.5495
0.26,0.46,0.6635,0.5631
0.26,0.48,0.6818,0.5455
0.26,0.5,0.6519,0.5666
0.26,0.52,0.674,0.5623
0.26,0.54,0.6518,0.5504
0.26,0.56,0.6752,0.577
0.26,0.58,0.6823,0.5487
0.26,0.6,0.6736,0.5505
0.26,0.62,0.6453,0.5541
0.26,0.64,0.6599,0.5559
0.26,0.66,0.6673,0.5388
0.26,0.68,0.6796,0.5303
0.26,0.7,0.655,0.5623
0.26,0.72,0.6926,0.5501
0.26,0.74,0.667,0.5361
0.26,0.76,0.6631,0.5673
0.26,0.78,0.6548,0.5513
0.26,0.8,0.6853,0.499
0.26,0.82,0.6583,0.5507
0.26,0.84,0.6581,0.572
0.26,0.86,0.6862,0.5524
0.26,0.88,0.655,0.5563
0.26,0.9,0.6905,0.5206
0.26,0.92,0.6752,0.5478
0.26,0.94,0.6384,0.5668
0.26,0.96,0.6628,0.5335
0.26,0.98,0.694,0.5357
0.26,1,0.6495,0.5428
0.28,0.02,0.6469,0.5522
0.28,0.04,0.6601,0.5557
0.28,0.06,0.6734,0.5419
0.28,0.08,0.6477,0.5671
0.28,0.1,0.674,0.5742
0.28,0.12,0.6589,0.5482
0.28,0.14,0.6726,0.5458
0.28,0.16,0.6711,0.5373
0.28,0.18,0.6563,0.5552
0.28,0.2,0.6618,0.5803
0.28,0.22,0.6442,0.5614
0.28,0.24,0.6678,0.5218
0.28,0.26,0.6524,0.5738
0.28,0.28,0.6594,0.5555
0.28,0.3,0.669,0.5616
0.28,0.32,0.6428,0.5588
0.28,0.34,0.6617,0.5467
0.28,0.36,0.6809,0.5404
0.28,0.38,0.6663,0.5318
0.28,0.4,0.6606,0.5437
0.28,0.42,0.6823,0.5723
0.28,0.44,0.671,0.5462
0.28,0.46,0.6768,0.535
0.28,0.48,0.6868,0.5535
0.28,0.5,0.6672,0.5351
0.28,0.52,0.6406,0.5401
0.28,0.54,0.6708,0.5704
0.28,0.56,0.6739,0.5372
0.28,0.58,0.6627,0.5319
0.28,0.6,0.6636,0.5393
0.28,0.62,0.6575,0.5489
0.28,0.64,0.6476,0.5571
0.28,0.66,0.6719,0.5421
0.28,0.68,0.6493,0.5443
0.28,0.7,0.6851,0.5289
0.28,0.72,0.6841,0.5567
0.28,0.74,0.6672,0.5402
0.28,0.76,0.6687,0.5512
0.28,0.78,0.6607,0.5592
0.28,0.8,0.659,0.5498
0.28,0.82,0.6516,0.5315
0.28,0.84,0.6624,0.5343
0.28,0.86,0.6658,0.5445
0.28,0.88,0.6891,0.571
0.28,0.9,0.6456,0.5575
0.28,0.92,0.6539,0.5203
0.28,0.94,0.672,0.5548
0.28,0.96,0.6762,0.5549
0.28,0.98,0.6543,0.5448
0.28,1,0.6883,0.5381
0.3,0.02,0.6569,0.5657
0.3,0.04,0.6681,0.5504
0.3,0.06,0.6589,0.565
0.3,0.08,0.6838,0.5407
0.3,0.1,0.6511,0.5461
0.3,0.12,0.6377,0.5647
0.3,0.14,0.6503,0.5588
0.3,0.16,0.6696,0.535
0.3,0.18,0.6543,0.5565
0.3,0.2,0.6611,0.5551
0.3,0.22,0.6554,0.5672
0.3,0.24,0.6415,0.5724
0.3,0.26,0.6645,0.5492
0.3,0.28,0.6626,0.5516
0.3,0.3,0.6744,0.549
0.3,0.32,0.6573,0.5497
0.3,0.34,0.6284,0.5491
0.3,0.36,0.6537,0.5499
0.3,0.38,0.6499,0.5411
0.3,0.4,0.6681,0.5548
0.3,0.42,0.6368,0.5365
0.3,0.44,0.6976,0.5479
0.3,0.46,0.6572,0.5325
0.3,0.48,0.6431,0.5709
0.3,0.5,0.6695,0.5346
0.3,0.52,0.6639,0.5355
0.3,0.54,0.6671,0.5448
0.3,0.56,0.6535,0.5298
0.3,0.58,0.6849,0.5514
0.3,0.6,0.6855,0.5385
0.3,0.62,0.6804,0.5513
0.3,0.64,0.6803,0.5297
0.3,0.66,0.6726,0.5552
0.3,0.68,0.6799,0.5321
0.3,0.7,0.6634,0.5639
0.3,0.72,0.6822,0.5403
0.3,0.74,0.6523,0.5523
0.3,0.76,0.6755,0.5238
0.3,0.78,0.6717,0.5497
0.3,0.8,0.6472,0.5569
0.3,0.82,0.6719,0.5521
0.3,0.84,0.6784,0.5734
0.3,0.86,0.6463,0.5516
0.3,0.88,0.6698,0.5417
0.3,0.9,0.6733,0.524
0.3,0.92,0.6543,0.5614
0.3,0.94,0.6378,0.5644
0.3,0.96,0.6531,0.5458
0.3,0.98,0.6623,0.5407
0.3,1,0.6689,0.5522
0.32,0.02,0.6557,0.5476
0.32,0.04,0.6564,0.5289
0.32,0.06,0.6532,0.5426
0.32,0.08,0.6638,0.5405
0.32,0.1,0.6422,0.5717
0.32,0.12,0.6625,0.5654
0.32,0.14,0.6622,0.5644
0.32,0.16,0.6409,0.5561
0.32,0.18,0.6755,0.5398
0.32,0.2,0.6775,0.5127
0.32,0.22,0.6569,0.5355
0.32,0.24,0.6372,0.5534
0.32,0.26,0.646,0.5311
0.32,0.28,0.6835,0.5329
0.32,0.3,0.6464,0.5746
0.32,0.32,0.6693,0.5551
0.32,0.34,0.6542,0.5324
0.32,0.36,0.6542,0.5329
0.32,0.38,0.6703,0.5561
0.32,0.4,0.671,0.5544
0.32,0.42,0.6553,0.5431
0.32,0.44,0.64,0.5412
0.32,0.46,0.6556,0.5599
0.32,0.48,0.673,0.5458
0.32,0.5,0.6575,0.5751
0.32,0.52,0.6683,0.5392
0.32,0.54,0.6657,0.5281
0.32,0.56,0.6699,0.5535
0.32,0.58,0.6696,0.5346
0.32,0.6,0.6539,0.5807
0.32,0.62,0.6433,0.5305
0.32,0.64,0.6242,0.5691
0.32,0.66,0.6534,0.5177
0.32,0.68,0.6532,0.5572
0.32,0.7,0.6757,0.5327
0.32,0.72,0.6223,0.5634
0.32,0.74,0.6595,0.5397
0.32,0.76,0.6776,0.549
0.32,0.78,0.6538,0.5498
0.32,0.8,0.6552,0.5508
0.32,0.82,0.6688,0.5312
0.32,0.84,0.6747,0.5489
0.32,0.86,0.6589,0.5393
0.32,0.88,0.6483,0.5092
0.32,0.9,0.6652,0.5392
0.32,0.92,0.6362,0.5595
0.32,0.94,0.6488,0.5617
0.32,0.96,0.6508,0.5216
0.32,0.98,0.6774,0.5259
0.32,1,0.6875,0.5211
0.34,0.02,0.6516,0.53
0.34,0.04,0.6548,0.5411
0.34,0.06,0.6407,0.5425
0.34,0.08,0.6605,0.5421
0.34,0.1,0.6436,0.564
0.34,0.12,0.6518,0.5612
0.34,0.14,0.6666,0.5326
0.34,0.16,0.6478,0.5299
0.34,0.18,0.6484,0.5109
0.34,0.2,0.6577,0.5344
0.34,0.22,0.6646,0.5298
0.34,0.24,0.6661,0.5648
0.34,0.26,0.6533,0.5259
0.34,0.28,0.6657,0.5594
0.34,0.3,0.6558,0.5442
0.34,0.32,0.6453,0.5661
0.34,0.34,0.6638,0.5838
0.34,0.36,0.6533,0.5417
0.34,0.38,0.6702,0.5518
0.34,0.4,0.6752,0.5199
0.34,0.42,0.6733,0.5313
0.34,0.44,0.6717,0.529
0.34,0.46,0.6727,0.5563
0.34,0.48,0.648,0.5257
0.34,0.5,0.6475,0.5484
0.34,0.52,0.6462,0.5355
0.34,0.54,0.6376,0.5425
0.34,0.56,0.65,0.5432
0.34,0.58,0.6518,0.5485
0.34,0.6,0.6529,0.5607
0.34,0.62,0.6589,0.5344
0.34,0.64,0.6378,0.5649
0.34,0.66,0.6532,0.5553
0.34,0.68,0.654,0.549
0.34,0.7,0.6546,0.539
0.34,0.72,0.6498,0.539
0.34,0.74,0.6567,0.5367
0.34,0.76,0.6551,0.5452
0.34,0.78,0.6371,0.5285
0.34,0.8,0.6575,0.5312
0.34,0.82,0.6766,0.5486
0.34,0.84,0.6344,0.5635
0.34,0.86,0.6559,0.5558
0.34,0.88,0.6543,0.5405
0.34,0.9,0.6515,0.5409
0.34,0.92,0.643,0.5386
0.34,0.94,0.6397,0.5414
0.34,0.96,0.6564,0.5159
0.34,0.98,0.653,0.5561
0.34,1,0.6456,0.5767
0.36,0.02,0.6473,0.5448
0.36,0.04,0.6239,0.5308
0.36,0.06,0.6474,0.5595
0.36,0.08,0.6748,0.5503
0.36,0.1,0.6731,0.5242
0.36,0.12,0.671,0.5548
0.36,0.14,0.6535,0.5459
0.36,0.16,0.661,0.5495
0.36,0.18,0.6525,0.5533
0.36,0.2,0.6636,0.5225
0.36,0.22,0.6682,0.5488
0.36,0.24,0.6489,0.5463
0.36,0.26,0.6459,0.5555
0.36,0.28,0.6556,0.5455
0.36,0.3,0.6368,0.5488
0.36,0.32,0.6682,0.5246
0.36,0.34,0.64,0.5465
0.36,0.36,0.6598,0.5428
0.36,0.38,0.6709,0.5301
0.36,0.4,0.6211,0.5496
0.36,0.42,0.6442,0.5497
0.36,0.44,0.6611,0.523
0.36,0.46,0.6482,0.5369
0.36,0.48,0.6478,0.535
0.36,0.5,0.668,0.5174
0.36,0.52,0.6542,0.5245
0.36,0.54,0.6538,0.5105
0.36,0.56,0.6489,0.5575
0.36,0.58,0.6384,0.5321
0.36,0.6,0.6472,0.5477
0.36,0.62,0.6444,0.5477
0.36,0.64,0.6657,0.5463
0.36,0.66,0.662,0.5561
0.36,0.68,0.6514,0.5455
0.36,0.7,0.6606,0.5319
0.36,0.72,0.64,0.549
0.36,0.74,0.6529,0.5293
0.36,0.76,0.6412,0.5622
0.36,0.78,0.6627,0.5431
0.36,0.8,0.6576,0.5528
0.36,0.82,0.6569,0.5272
0.36,0.84,0.6347,0.5359
0.36,0.86,0.6622,0.5291
0.36,0.88,0.6516,0.5262
0.36,0.9,0.6585,0.5456
0.36,0.92,0.6687,0.5357
0.36,0.94,0.6489,0.5137
0.36,0.96,0.667,0.5291
0.36,0.98,0.6534,0.5471
0.36,1,0.6498,0.5343
0.38,0.02,0.6515,0.5305
0.38,0.04,0.6531,0.5288
0.38,0.06,0.6695,0.5391
0.38,0.08,0.6684,0.5443
0.38,0.1,0.659,0.5575
0.38,0.12,0.641,0.516
0.38,0.14,0.6494,0.5285
0.38,0.16,0.6447,0.5628
0.38,0.18,0.6503,0.5356
0.38,0.2,0.6421,0.5237
0.38,0.22,0.6398,0.5547
0.38,0.24,0.6761,0.533
0.38,0.26,0.6623,0.5439
0.38,0.28,0.6535,0.5275
0.38,0.3,0.6408,0.5346
0.38,0.32,0.6546,0.5423
0.38,0.34,0.6328,0.5408
0.38,0.36,0.641,0.5335
0.38,0.38,0.6728,0.513
0.38,0.4,0.6273,0.5261
0.38,0.42,0.6677,0.5376
0.38,0.44,0.6498,0.5297
0.38,0.46,0.6575,0.5245
0.38,0.48,0.6524,0.559
0.38,0.5,0.663,0.537
0.38,0.52,0.6426,0.5429
0.38,0.54,0.6421,0.5332
0.38,0.56,0.6415,0.5482
0.38,0.58,0.6489,0.5362
0.38,0.6,0.6536,0.5443
0.38,0.62,0.6551,0.5304
0.38,0.64,0.6454,0.5461
0.38,0.66,0.6282,0.5481
0.38,0.68,0.6232,0.5502
0.38,0.7,0.6373,0.5376
0.38,0.72,0.6391,0.5518
0.38,0.74,0.6738,0.5244
0.38,0.76,0.6438,0.5307
0.38,0.78,0.6717,0.5694
0.38,0.8,0.655,0.521
0.38,0.82,0.6549,0.5456
0.38,0.84,0.6575,0.5656
0.38,0.86,0.6292,0.5617
0.38,0.88,0.6584,0.5409
0.38,0.9,0.6586,0.5202
0.38,0.92,0.6625,0.5198
0.38,0.94,0.6632,0.5293
0.38,0.96,0.655,0.5108
0.38,0.98,0.6504,0.536
0.38,1,0.6513,0.5297
0.4,0.02,0.6578,0.5461
0.4,0.04,0.6675,0.5535
0.4,0.06,0.6462,0.5331
0.4,0.08,0.6612,0.5418
0.4,0.1,0.6396,0.5527
0.4,0.12,0.6664,0.5511
0.4,0.14,0.6377,0.5346
0.4,0.16,0.6389,0.5304
0.4,0.18,0.6654,0.5464
0.4,0.2,0.6513,0.5445
0.4,0.22,0.6532,0.5223
0.4,0.24,0.6287,0.5354
0.4,0.26,0.6534,0.5121
0.4,0.28,0.6317,0.554
0.4,0.3,0.6619,0.5405
0.4,0.32,0.659,0.53
0.4,0.34,0.6527,0.532
0.4,0.36,0.6259,0.5314
0.4,0.38,0.6548,0.5313
0.4,0.4,0.6352,0.5506
0.4,0.42,0.6507,0.5248
0.4,0.44,0.6282,0.5314
0.4,0.46,0.6578,0.5227
0.4,0.48,0.6504,0.54
0.4,0.5,0.66,0.5345
0.4,0.52,0.6525,0.5128
0.4,0.54,0.6705,0.5161
0.4,0.56,0.6217,0.5505
0.4,0.58,0.6458,0.5162
0.4,0.6,0.6559,0.5403
0.4,0.62,0.6626,0.5326
0.4,0.64,0.6578,0.5085
0.4,0.66,0.6784,0.5156
0.4,0.68,0.667,0.5173
0.4,0.7,0.6481,0.533
0.4,0.72,0.643,0.5602
0.4,0.74,0.6464,0.5371
0.4,0.76,0.6586,0.5436
0.4,0.78,0.6365,0.5314
0.4,0.8,0.6627,0.5245
0.4,0.82,0.6627,0.5359
0.4,0.84,0.657,0.5273
0.4,0.86,0.6543,0.5492
0.4,0.88,0.6702,0.5474
0.4,0.9,0.6465,0.5401
0.4,0.92,0.6482,0.5533
0.4,0.94,0.6647,0.535
0.4,0.96,0.6528,0.5547
0.4,0.98,0.6579,0.5074
0.4,1,0.6551,0.5587
0.42,0.02,0.6694,0.5545
0.42,0.04,0.6491,0.5273
0.42,0.06,0.659,0.5337
0.42,0.08,0.667,0.5369
0.42,0.1,0.6434,0.5129
0.42,0.12,0.6388,0.527
0.42,0.14,0.6365,0.5191
0.42,0.16,0.6518,0.5465
0.42,0.18,0.6466,0.5491
0.42,0.2,0.6524,0.5212
0.42,0.22,0.636,0.5491
0.42,0.24,0.652,0.5399
0.42,0.26,0.6374,0.5567
0.42,0.28,0.63,0.5441
0.42,0.3,0.6505,0.5412
0.42,0.32,0.6413,0.5384
0.42,0.34,0.6307,0.5415
0.42,0.36,0.6785,0.5268
0.42,0.38,0.6625,0.5301
0.42,0.4,0.6421,0.5427
0.42,0.42,0.6541,0.5156
0.42,0.44,0.6311,0.5606
0.42,0.46,0.6546,0.5119
0.42,0.48,0.6507,0.5445
0.42,0.5,0.6424,0.5297
0.42,0.52,0.6415,0.5311
0.42,0.54,0.6479,0.5236
0.42,0.56,0.6511,0.5295
0.42,0.58,0.6267,0.5415
0.42,0.6,0.6615,0.5267
0.42,0.62,0.6616,0.5161
0.42,0.64,0.6271,0.5445
0.42,0.66,0.6291,0.557
0.42,0.68,0.6429,0.5256
0.42,0.7,0.6355,0.5249
0.42,0.72,0.6302,0.5397
0.42,0.74,0.6445,0.5395
0.42,0.76,0.6382,0.5503
0.42,0.78,0.635,0.5241
0.42,0.8,0.654,0.5186
0.42,0.82,0.6503,0.5365
0.42,0.84,0.6398,0.5351
0.42,0.86,0.6762,0.5454
0.42,0.88,0.6461,0.5312
0.42,0.9,0.6632,0.4949
0.42,0.92,0.6358,0.5383
0.42,0.94,0.6484,0.5205
0.42,0.96,0.6655,0.5147
0.42,0.98,0.6669,0.5236
0.42,1,0.6411,0.5481
0.44,0.02,0.6478,0.5102
0.44,0.04,0.6543,0.5221
0.44,0.06,0.6478,0.5357
0.44,0.08,0.6396,0.5461
0.44,0.1,0.6487,0.5332
0.44,0.12,0.653,0.5448
0.44,0.14,0.6478,0.5281
0.44,0.16,0.6319,0.5399
0.44,0.18,0.6561,0.527
0.44,0.2,0.6501,0.5258
0.44,0.22,0.6642,0.5181
0.44,0.24,0.6576,0.5217
0.44,0.26,0.6275,0.5496
0.44,0.28,0.6499,0.4933
0.44,0.3,0.6433,0.5385
0.44,0.32,0.6336,0.519
0.44,0.34,0.6582,0.5083
0.44,0.36,0.6556,0.5126
0.44,0.38,0.6491,0.515
0.44,0.4,0.6463,0.5331
0.44,0.42,0.6292,0.5248
0.44,0.44,0.6424,0.5353
0.44,0.46,0.6441,0.5196
0.44,0.48,0.6414,0.5665
0.44,0.5,0.6168,0.5359
0.44,0.52,0.6503,0.5336
0.44,0.54,0.6641,0.5255
0.44,0.56,0.6436,0.561
0.44,0.58,0.6369,0.5262
0.44,0.6,0.6434,0.5332
0.44,0.62,0.6491,0.5097
0.44,0.64,0.644,0.542
0.44,0.66,0.6301,0.5275
0.44,0.68,0.6504,0.5426
0.44,0.7,0.6223,0.5279
0.44,0.72,0.6514,0.5465
0.44,0.74,0.6348,0.5385
0.44,0.76,0.6421,0.514
0.44,0.78,0.6358,0.5395
0.44,0.8,0.6635,0.5101
0.44,0.82,0.6386,0.528
0.44,0.84,0.6526,0.5031
0.44,0.86,0.6476,0.5273
0.44,0.88,0.6569,0.5273
0.44,0.9,0.6566,0.5275
0.44,0.92,0.659,0.5333
0.44,0.94,0.6193,0.5532
0.44,0.96,0.6575,0.5188
0.44,0.98,0.6508,0.5027
0.44,1,0.6379,0.5266
0.46,0.02,0.6384,0.5211
0.46,0.04,0.6252,0.5452
0.46,0.06,0.6512,0.5186
0.46,0.08,0.6464,0.5132
0.46,0.1,0.6372,0.548
0.46,0.12,0.6351,0.5401
0.46,0.14,0.6595,0.5376
0.46,0.16,0.6382,0.5276
0.46,0.18,0.6387,0.5365
0.46,0.2,0.6642,0.5241
0.46,0.22,0.6589,0.534
0.46,0.24,0.6357,0.5467
0.46,0.26,0.6395,0.5176
0.46,0.28,0.6139,0.5334
0.46,0.3,0.6262,0.5579
0.46,0.32,0.6233,0.5326
0.46,0.34,0.6412,0.5538
0.46,0.36,0.6363,0.5522
0.46,0.38,0.6578,0.5413
0.46,0.4,0.6566,0.5381
0.46,0.42,0.6473,0.5481
0.46,0.44,0.629,0.5271
0.46,0.46,0.625,0.5551
0.46,0.48,0.655,0.5097
0.46,0.5,0.6445,0.4992
0.46,0.52,0.6677,0.5416
0.46,0.54,0.6583,0.5359
0.46,0.56,0.6465,0.5335
0.46,0.58,0.646,0.528
0.46,0.6,0.643,0.5352
0.46,0.62,0.6445,0.5119
0.46,0.64,0.6593,0.5231
0.46,0.66,0.6321,0.5488
0.46,0.68,0.6567,0.5029
0.46,0.7,0.6476,0.5407
0.46,0.72,0.6296,0.5097
0.46,0.74,0.6328,0.5386
0.46,0.76,0.6215,0.5473
0.46,0.78,0.64,0.5384
0.46,0.8,0.6639,0.5285
0.46,0.82,0.6528,0.521
0.46,0.84,0.6204,0.5458
0.46,0.86,0.654,0.5084
0.46,0.88,0.6249,0.521
0.46,0.9,0.6368,0.5373
0.46,0.92,0.6401,0.5393
0.46,0.94,0.6349,0.5297
0.46,0.96,0.6418,0.5333
0.46,0.98,0.6239,0.5372
0.46,1,0.6596,0.5054
0.48,0.02,0.6265,0.5215
0.48,0.04,0.6363,0.5237
0.48,0.06,0.6422,0.5173
0.48,0.08,0.6204,0.5528
0.48,0.1,0.6457,0.5309
0.48,0.12,0.6336,0.4917
0.48,0.14,0.641,0.4992
0.48,0.16,0.6375,0.528
0.48,0.18,0.6465,0.5172
0.48,0.2,0.6146,0.5392
0.48,0.22,0.6488,0.5147
0.48,0.24,0.651,0.508
0.48,0.26,0.6502,0.5049
0.48,0.28,0.6575,0.5324
0.48,0.3,0.6587,0.5123
0.48,0.32,0.6315,0.5455
0.48,0.34,0.6423,0.5105
0.48,0.36,0.613,0.5147
0.48,0.38,0.6479,0.5207
0.48,0.4,0.6194,0.5308
0.48,0.42,0.6158,0.5193
0.48,0.44,0.6199,0.5488
0.48,0.46,0.641,0.5312
0.48,0.48,0.6188,0.5348
0.48,0.5,0.6321,0.4998
0.48,0.52,0.655,0.5156
0.48,0.54,0.6305,0.5311
0.48,0.56,0.6399,0.5084
0.48,0.58,0.653,0.5236
0.48,0.6,0.6372,0.5216
0.48,0.62,0.6347,0.5195
0.48,0.64,0.6388,0.5005
0.48,0.66,0.6382,0.513
0.48,0.68,0.6266,0.5216
0.48,0.7,0.654,0.5234
0.48,0.72,0.6394,0.5552
0.48,0.74,0.6292,0.5276
0.48,0.76,0.6354,0.5172
0.48,0.78,0.6248,0.524
0.48,0.8,0.6413,0.541
0.48,0.82,0.6145,0.5368
0.48,0.84,0.6147,0.5241
0.48,0.86,0.6344,0.5282
0.48,0.88,0.6335,0.5335
0.48,0.9,0.6337,0.5413
0.48,0.92,0.6464,0.5342
0.48,0.94,0.6379,0.5287
0.48,0.96,0.6451,0.5212
0.48,0.98,0.6236,0.5582
0.48,1,0.6517,0.5243
0.5,0.02,0.6448,0.4879
0.5,0.04,0.6654,0.5366
0.5,0.06,0.6577,0.5118
0.5,0.08,0.6469,0.5004
0.5,0.1,0.6522,0.5007
0.5,0.12,0.6569,0.5118
0.5,0.14,0.6302,0.5542
0.5,0.16,0.624,0.5
0.5,0.18,0.6417,0.5244
0.5,0.2,0.63,0.5337
0.5,0.22,0.6563,0.4936
0.5,0.24,0.6252,0.4983
0.5,0.26,0.6475,0.5224
0.5,0.28,0.636,0.5303
0.5,0.3,0.6432,0.5117
0.5,0.32,0.6123,0.535
0.5,0.34,0.6314,0.5319
0.5,0.36,0.6366,0.5239
0.5,0.38,0.6444,0.5208
0.5,0.4,0.6274,0.5342
0.5,0.42,0.6304,0.5268
0.5,0.44,0.6231,0.5039
0.5,0.46,0.6307,0.5029
0.5,0.48,0.6477,0.5137
0.5,0.5,0.6445,0.5226
0.5,0.52,0.625,0.5168
0.5,0.54,0.6501,0.5232
0.5,0.56,0.6639,0.5133
0.5,0.58,0.657,0.4982
0.5,0.6,0.6413,0.5459
0.5,0.62,0.6313,0.5141
0.5,0.64,0.5701,0.548
0.5,0.66,0.6368,0.5274
0.5,0.68,0.6369,0.528
0.5,0.7,0.6182,0.5428
0.5,0.72,0.6264,0.5273
0.5,0.74,0.6557,0.5187
0.5,0.76,0.6238,0.5261
0.5,0.78,0.6402,0.529
0.5,0.8,0.6228,0.5438
0.5,0.82,0.6236,0.5091
0.5,0.84,0.6301,0.5039
0.5,0.86,0.6254,0.5322
0.5,0.88,0.6498,0.5298
0.5,0.9,0.6156,0.54
0.5,0.92,0.6552,0.5165
0.5,0.94,0.6436,0.5405
0.5,0.96,0.6513,0.5285
0.5,0.98,0.6493,0.5184
0.5,1,0.6391,0.5194
0.52,0.02,0.6351,0.5357
0.52,0.04,0.6272,0.5202
0.52,0.06,0.6199,0.5271
0.52,0.08,0.6414,0.5335
0.52,0.1,0.6201,0.5446
0.52,0.12,0.6307,0.5331
0.52,0.14,0.6264,0.5176
0.52,0.16,0.6555,0.5214
0.52,0.18,0.6454,0.5161
0.52,0.2,0.6282,0.5268
0.52,0.22,0.6269,0.5193
0.52,0.24,0.645,0.5145
0.52,0.26,0.6446,0.511
0.52,0.28,0.6403,0.5131
0.52,0.3,0.6575,0.5053
0.52,0.32,0.6533,0.5386
0.52,0.34,0.6469,0.533
0.52,0.36,0.64,0.5133
0.52,0.38,0.6317,0.5052
0.52,0.4,0.654,0.5223
0.52,0.42,0.6177,0.5243
0.52,0.44,0.6405,0.5189
0.52,0.46,0.6358,0.5089
0.52,0.48,0.6235,0.5247
0.52,0.5,0.6523,0.5476
0.52,0.52,0.6422,0.5063
0.52,0.54,0.6259,0.5281
0.52,0.56,0.6308,0.5292
0.52,0.58,0.6339,0.511
0.52,0.6,0.6254,0.5045
0.52,0.62,0.6221,0.5267
0.52,0.64,0.6381,0.5351
0.52,0.66,0.62,0.4911
0.52,0.68,0.6439,0.5032
0.52,0.7,0.6497,0.5473
0.52,0.72,0.6409,0.5185
0.52,0.74,0.6407,0.5405
0.52,0.76,0.6476,0.4875
0.52,0.78,0.656,0.5129
0.52,0.8,0.626,0.522
0.52,0.82,0.649,0.5311
0.52,0.84,0.6312,0.5314
0.52,0.86,0.6577,0.5371
0.52,0.88,0.6423,0.5275
0.52,0.9,0.6388,0.5464
0.52,0.92,0.6379,0.5276
0.52,0.94,0.644,0.5172
0.52,0.96,0.6428,0.5263
0.52,0.98,0.6314,0.5342
0.52,1,0.6413,0.5143
0.54,0.02,0.6051,0.5218
0.54,0.04,0.6382,0.5224
0.54,0.06,0.6316,0.5406
0.54,0.08,0.6471,0.5107
0.54,0.1,0.6267,0.5235
0.54,0.12,0.6285,0.5247
0.54,0.14,0.638,0.5093
0.54,0.16,0.6259,0.5045
0.54,0.18,0.604,0.5101
0.54,0.2,0.6473,0.5197
0.54,0.22,0.6323,0.4859
0.54,0.24,0.6416,0.5304
0.54,0.26,0.6374,0.5375
0.54,0.28,0.6492,0.5254
0.54,0.3,0.6389,0.5151
0.54,0.32,0.619,0.5286
0.54,0.34,0.6305,0.533
0.54,0.36,0.5933,0.5386
0.54,0.38,0.6244,0.5268
0.54,0.4,0.6345,0.522
0.54,0.42,0.6317,0.5421
0.54,0.44,0.6421,0.5325
0.54,0.46,0.6061,0.5345
0.54,0.48,0.6162,0.5366
0.54,0.5,0.6419,0.5056
0.54,0.52,0.6426,0.504
0.54,0.54,0.6484,0.513
0.54,0.56,0.6208,0.5433
0.54,0.58,0.6321,0.5087
0.54,0.6,0.6335,0.5175
0.54,0.62,0.6325,0.5306
0.54,0.64,0.6565,0.5022
0.54,0.66,0.6372,0.5401
0.54,0.68,0.6141,0.5207
0.54,0.7,0.6415,0.5318
0.54,0.72,0.6259,0.5332
0.54,0.74,0.6343,0.533
0.54,0.76,0.6227,0.5217
0.54,0.78,0.6298,0.5405
0.54,0.8,0.6372,0.5204
0.54,0.82,0.6415,0.5287
0.54,0.84,0.6512,0.5192
0.54,0.86,0.6334,0.5279
0.54,0.88,0.6424,0.5087
0.54,0.9,0.6627,0.4965
0.54,0.92,0.6469,0.5088
0.54,0.94,0.652,0.4961
0.54,0.96,0.6597,0.4989
0.54,0.98,0.6341,0.5191
0.54,1,0.6342,0.5364
0.56,0.02,0.6108,0.4942
0.56,0.04,0.6441,0.5271
0.56,0.06,0.637,0.5008
0.56,0.08,0.6497,0.5137
0.56,0.1,0.6295,0.5139
0.56,0.12,0.6321,0.5194
0.56,0.14,0.6261,0.5191
0.56,0.16,0.6172,0.5294
0.56,0.18,0.6346,0.5175
0.56,0.2,0.6454,0.5216
0.56,0.22,0.6333,0.5147
0.56,0.24,0.6227,0.5221
0.56,0.26,0.6228,0.5245
0.56,0.28,0.6197,0.5413
0.56,0.3,0.6235,0.505
0.56,0.32,0.6441,0.4916
0.56,0.34,0.6335,0.5099
0.56,0.36,0.6468,0.503
0.56,0.38,0.6471,0.4971
0.56,0.4,0.6213,0.5141
0.56,0.42,0.6468,0.4991
0.56,0.44,0.6354,0.5267
0.56,0.46,0.6376,0.5019
0.56,0.48,0.6636,0.5356
0.56,0.5,0.6434,0.5039
0.56,0.52,0.6185,0.5042
0.56,0.54,0.6205,0.5274
0.56,0.56,0.5999,0.5253
0.56,0.58,0.6302,0.5394
0.56,0.6,0.6173,0.5314
0.56,0.62,0.6224,0.5175
0.56,0.64,0.6244,0.537
0.56,0.66,0.6273,0.5154
0.56,0.68,0.6327,0.5262
0.56,0.7,0.6216,0.5169
0.56,0.72,0.6302,0.5273
0.56,0.74,0.6242,0.4851
0.56,0.76,0.6424,0.5229
0.56,0.78,0.6303,0.5062
0.56,0.8,0.6456,0.5008
0.56,0.82,0.6349,0.5325
0.56,0.84,0.6364,0.5179
0.56,0.86,0.6235,0.5141
0.56,0.88,0.6431,0.5134
0.56,0.9,0.6217,0.5193
0.56,0.92,0.6221,0.5126
0.56,0.94,0.6355,0.5027
0.56,0.96,0.6464,0.5287
0.56,0.98,0.6256,0.5221
0.56,1,0.6301,0.519
0.58,0.02,0.65,0.4878
0.58,0.04,0.6314,0.5041
0.58,0.06,0.6304,0.4955
0.58,0.08,0.6252,0.5183
0.58,0.1,0.6323,0.5216
0.58,0.12,0.6342,0.5347
0.58,0.14,0.6267,0.5254
0.58,0.16,0.6129,0.5358
0.58,0.18,0.629,0.501
0.58,0.2,0.6175,0.5334
0.58,0.22,0.6067,0.5335
0.58,0.24,0.6275,0.5102
0.58,0.26,0.6316,0.5052
0.58,0.28,0.6372,0.5017
0.58,0.3,0.6303,0.4855
0.58,0.32,0.6399,0.515
0.58,0.34,0.6219,0.5303
0.58,0.36,0.6169,0.5194
0.58,0.38,0.6306,0.5208
0.58,0.4,0.6451,0.5286
0.58,0.42,0.6257,0.5137
0.58,0.44,0.6183,0.5254
0.58,0.46,0.6351,0.5244
0.58,0.48,0.6381,0.5281
0.58,0.5,0.6282,0.5224
0.58,0.52,0.6458,0.5017
0.58,0.54,0.6354,0.4983
0.58,0.56,0.6286,0.5145
0.58,0.58,0.6216,0.5193
0.58,0.6,0.6457,0.5191
0.58,0.62,0.6115,0.505
0.58,0.64,0.6094,0.5317
0.58,0.66,0.6383,0.5321
0.58,0.68,0.595,0.5177
0.58,0.7,0.6264,0.53
0.58,0.72,0.6277,0.5003
0.58,0.74,0.6237,0.5181
0.58,0.76,0.621,0.5181
0.58,0.78,0.6204,0.5097
0.58,0.8,0.6419,0.5071
0.58,0.82,0.6243,0.517
0.58,0.84,0.6228,0.5199
0.58,0.86,0.6291,0.5067
0.58,0.88,0.6426,0.5181
0.58,0.9,0.6258,0.5159
0.58,0.92,0.6204,0.4984
0.58,0.94,0.608,0.5171
0.58,0.96,0.6403,0.5162
0.58,0.98,0.6432,0.528
0.58,1,0.6396,0.5082
0.6,0.02,0.6326,0.5074
0.6,0.04,0.6326,0.5117
0.6,0.06,0.634,0.5052
0.6,0.08,0.629,0.5081
0.6,0.1,0.616,0.488
0.6,0.12,0.6338,0.5221
0.6,0.14,0.6203,0.5112
0.6,0.16,0.6079,0.4868
0.6,0.18,0.6168,0.5128
0.6,0.2,0.6338,0.5318
0.6,0.22,0.6209,0.5155
0.6,0.24,0.6018,0.5317
0.6,0.26,0.6261,0.5251
0.6,0.28,0.6141,0.5234
0.6,0.3,0.6168,0.5064
0.6,0.32,0.6205,0.5104
0.6,0.34,0.6187,0.5164
0.6,0.36,0.6488,0.5052
0.6,0.38,0.6335,0.5068
0.6,0.4,0.6172,0.5149
0.6,0.42,0.6265,0.4959
0.6,0.44,0.6339,0.524
0.6,0.46,0.6202,0.5257
0.6,0.48,0.6044,0.5197
0.6,0.5,0.6318,0.5161
0.6,0.52,0.6414,0.5223
0.6,0.54,0.6269,0.4776
0.6,0.56,0.5828,0.5315
0.6,0.58,0.6145,0.504
0.6,0.6,0.6306,0.5246
0.6,0.62,0.639,0.5319
0.6,0.64,0.6275,0.52
0.6,0.66,0.6268,0.5157
0.6,0.68,0.6149,0.5133
0.6,0.7,0.6122,0.536
0.6,0.72,0.6189,0.5209
0.6,0.74,0.6325,0.515
0.6,0.76,0.6346,0.5073
0.6,0.78,0.6183,0.5025
0.6,0.8,0.6401,0.4953
0.6,0.82,0.6011,0.5239
0.6,0.84,0.6145,0.5176
0.6,0.86,0.6411,0.4913
0.6,0.88,0.6141,0.5131
0.6,0.9,0.6356,0.5025
0.6,0.92,0.6301,0.5367
0.6,0.94,0.6441,0.5235
0.6,0.96,0.6339,0.5286
0.6,0.98,0.6133,0.5123
0.6,1,0.6359,0.4994
0.62,0.02,0.62,0.5142
0.62,0.04,0.6141,0.5189
0.62,0.06,0.6075,0.5305
0.62,0.08,0.6364,0.4965
0.62,0.1,0.6291,0.5207
0.62,0.12,0.6308,0.5008
0.62,0.14,0.6127,0.5253
0.62,0.16,0.6151,0.5345
0.62,0.18,0.5759,0.5241
0.62,0.2,0.621,0.4964
0.62,0.22,0.6085,0.5088
0.62,0.24,0.6186,0.5083
0.62,0.26,0.6186,0.4792
0.62,0.28,0.6389,0.5128
0.62,0.3,0.597,0.5041
0.62,0.32,0.6259,0.5145
0.62,0.34,0.6177,0.5064
0.62,0.36,0.6219,0.5085
0.62,0.38,0.6165,0.504
0.62,0.4,0.6066,0.5116
0.62,0.42,0.6288,0.5207
0.62,0.44,0.6094,0.5062
0.62,0.46,0.6263,0.4895
0.62,0.48,0.6232,0.5011
0.62,0.5,0.6153,0.5166
0.62,0.52,0.6052,0.5217
0.62,0.54,0.6459,0.5098
0.62,0.56,0.6284,0.492
0.62,0.58,0.6232,0.5117
0.62,0.6,0.6197,0.5092
0.62,0.62,0.6193,0.5106
0.62,0.64,0.6189,0.5102
0.62,0.66,0.6403,0.5004
0.62,0.68,0.6124,0.5078
0.62,0.7,0.6363,0.503
0.62,0.72,0.6221,0.5034
0.62,0.74,0.6341,0.4981
0.62,0.76,0.6235,0.5169
0.62,0.78,0.6122,0.5067
0.62,0.8,0.635,0.5181
0.62,0.82,0.6312,0.5061
0.62,0.84,0.6198,0.525
0.62,0.86,0.6155,0.5246
0.62,0.88,0.6302,0.5086
0.62,0.9,0.622,0.5292
0.62,0.92,0.6341,0.5084
0.62,0.94,0.6364,0.4933
0.62,0.96,0.6235,0.5236
0.62,0.98,0.6352,0.4976
0.62,1,0.6249,0.5178
0.64,0.02,0.6206,0.5137
0.64,0.04,0.6066,0.4948
0.64,0.06,0.6199,0.4949
0.64,0.08,0.594,0.5176
0.64,0.1,0.6298,0.5242
0.64,0.12,0.6183,0.5103
0.64,0.14,0.6155,0.5069
0.64,0.16,0.6241,0.4968
0.64,0.18,0.6078,0.4944
0.64,0.2,0.6095,0.5207
0.64,0.22,0.6151,0.5086
0.64,0.24,0.623,0.5081
0.64,0.26,0.6147,0.5282
0.64,0.28,0.6256,0.4892
0.64,0.3,0.6178,0.4909
0.64,0.32,0.6246,0.5027
0.64,0.34,0.6246,0.4977
0.64,0.36,0.6193,0.5053
0.64,0.38,0.6289,0.5019
0.64,0.4,0.6393,0.5059
0.64,0.42,0.6236,0.4993
0.64,0.44,0.6217,0.5313
0.64,0.46,0.6061,0.5096
0.64,0.48,0.6303,0.4928
0.64,0.5,0.6298,0.5113
0.64,0.52,0.6022,0.4971
0.64,0.54,0.6486,0.4816
0.64,0.56,0.5972,0.4979
0.64,0.58,0.6382,0.5161
0.64,0.6,0.6306,0.5058
0.64,0.62,0.6214,0.4928
0.64,0.64,0.6247,0.5359
0.64,0.66,0.6333,0.4922
0.64,0.68,0.6149,0.5137
0.64,0.7,0.6305,0.5002
0.64,0.72,0.6197,0.5075
0.64,0.74,0.6251,0.5173
0.64,0.76,0.6361,0.5168
0.64,0.78,0.6241,0.5037
0.64,0.8,0.5953,0.5258
0.64,0.82,0.6216,0.5281
0.64,0.84,0.6325,0.5044
0.64,0.86,0.6296,0.5083
0.64,0.88,0.6092,0.5054
0.64,0.9,0.5966,0.5063
0.64,0.92,0.6193,0.5048
0.64,0.94,0.622,0.4981
0.64,0.96,0.6257,0.4782
0.64,0.98,0.6184,0.4976
0.64,1,0.6266,0.5033
0.66,0.02,0.6025,0.5127
0.66,0.04,0.6291,0.4957
0.66,0.06,0.6179,0.5083
0.66,0.08,0.6019,0.4904
0.66,0.1,0.6154,0.4946
0.66,0.12,0.6241,0.5032
0.66,0.14,0.6105,0.5073
0.66,0.16,0.6072,0.5194
0.66,0.18,0.6018,0.5235
0.66,0.2,0.6176,0.5321
0.66,0.22,0.6135,0.4984
0.66,0.24,0.6134,0.501
0.66,0.26,0.6465,0.5025
0.66,0.28,0.5996,0.5015
0.66,0.3,0.6132,0.5303
0.66,0.32,0.6356,0.4989
0.66,0.34,0.6161,0.4867
0.66,0.36,0.6047,0.5052
0.66,0.38,0.6254,0.4828
0.66,0.4,0.6196,0.5191
0.66,0.42,0.6142,0.5085
0.66,0.44,0.6169,0.4939
0.66,0.46,0.6333,0.5156
0.66,0.48,0.6267,0.5199
0.66,0.5,0.6188,0.5131
0.66,0.52,0.6297,0.5223
0.66,0.54,0.6244,0.5072
0.66,0.56,0.604,0.5092
0.66,0.58,0.6394,0.5078
0.66,0.6,0.6093,0.5175
0.66,0.62,0.6215,0.5002
0.66,0.64,0.6043,0.4992
0.66,0.66,0.6015,0.5313
0.66,0.68,0.6188,0.4998
0.66,0.7,0.6215,0.4741
0.66,0.72,0.6136,0.4903
0.66,0.74,0.6104,0.5059
0.66,0.76,0.6158,0.4921
0.66,0.78,0.6293,0.4578
0.66,0.8,0.6129,0.5235
0.66,0.82,0.5945,0.5103
0.66,0.84,0.6133,0.508
0.66,0.86,0.615,0.5013
0.66,0.88,0.6311,0.5127
0.66,0.9,0.644,0.49
0.66,0.92,0.6157,0.5034
0.66,0.94,0.6077,0.5299
0.66,0.96,0.6266,0.4996
0.66,0.98,0.6242,0.5189
0.66,1,0.6159,0.5042
0.68,0.02,0.5973,0.5003
0.68,0.04,0.5992,0.5156
0.68,0.06,0.6041,0.4764
0.68,0.08,0.6413,0.4911
0.68,0.1,0.6091,0.4821
0.68,0.12,0.6149,0.4772
0.68,0.14,0.6222,0.5073
0.68,0.16,0.5894,0.5056
0.68,0.18,0.6084,0.5017
0.68,0.2,0.6205,0.5028
0.68,0.22,0.6095,0.5137
0.68,0.24,0.623,0.5052
0.68,0.26,0.6258,0.4929
0.68,0.28,0.6013,0.4981
0.68,0.3,0.61,0.5038
0.68,0.32,0.6258,0.4635
0.68,0.34,0.6238,0.5159
0.68,0.36,0.6182,0.4975
0.68,0.38,0.6111,0.497
0.68,0.4,0.6327,0.4865
0.68,0.42,0.6197,0.5021
0.68,0.44,0.6127,0.4831
0.68,0.46,0.6167,0.5166
0.68,0.48,0.6064,0.4778
0.68,0.5,0.6093,0.4933
0.68,0.52,0.6281,0.4911
0.68,0.54,0.6241,0.492
0.68,0.56,0.6059,0.4895
0.68,0.58,0.6275,0.511
0.68,0.6,0.5979,0.4913
0.68,0.62,0.6211,0.4874
0.68,0.64,0.6171,0.4903
0.68,0.66,0.5983,0.5158
0.68,0.68,0.6202,0.4925
0.68,0.7,0.6186,0.5081
0.68,0.72,0.6246,0.513
0.68,0.74,0.6195,0.4952
0.68,0.76,0.6004,0.4792
0.68,0.78,0.5976,0.497
0.68,0.8,0.5932,0.5255
0.68,0.82,0.6066,0.5001
0.68,0.84,0.6236,0.4682
0.68,0.86,0.5984,0.5034
0.68,0.88,0.6328,0.5023
0.68,0.9,0.596,0.5155
0.68,0.92,0.6009,0.4924
0.68,0.94,0.612,0.4959
0.68,0.96,0.6165,0.4869
0.68,0.98,0.5757,0.4887
0.68,1,0.6049,0.5125
0.7,0.02,0.6359,0.4928
0.7,0.04,0.6046,0.5042
0.7,0.06,0.5983,0.49
0.7,0.08,0.6314,0.4823
0.7,0.1,0.6022,0.4797
0.7,0.12,0.5811,0.503
0.7,0.14,0.6334,0.4836
0.7,0.16,0.6135,0.5027
0.7,0.18,0.6223,0.4875
0.7,0.2,0.6265,0.4925
0.7,0.22,0.6045,0.4856
0.7,0.24,0.6293,0.4922
0.7,0.26,0.6032,0.4994
0.7,0.28,0.6288,0.4782
0.7,0.3,0.5974,0.4994
0.7,0.32,0.5981,0.5099
0.7,0.34,0.6006,0.4951
0.7,0.36,0.6092,0.5034
0.7,0.38,0.6144,0.4794
0.7,0.4,0.6134,0.5087
0.7,0.42,0.6121,0.5093
0.7,0.44,0.6049,0.4804
0.7,0.46,0.6044,0.4978
0.7,0.48,0.6287,0.4995
0.7,0.5,0.6023,0.4952
0.7,0.52,0.6158,0.5025
0.7,0.54,0.6054,0.5181
0.7,0.56,0.6016,0.518
0.7,0.58,0.6177,0.4805
0.7,0.6,0.624,0.4789
0.7,0.62,0.6061,0.476
0.7,0.64,0.6178,0.4866
0.7,0.66,0.6131,0.488
0.7,0.68,0.6246,0.5051
0.7,0.7,0.6168,0.5157
0.7,0.72,0.6211,0.5214
0.7,0.74,0.6113,0.5223
0.7,0.76,0.6054,0.4951
0.7,0.78,0.6162,0.4838
0.7,0.8,0.6233,0.5139
0.7,0.82,0.6122,0.4975
0.7,0.84,0.606,0.4894
0.7,0.86,0.626,0.4869
0.7,0.88,0.5869,0.5012
0.7,0.9,0.6125,0.4981
0.7,0.92,0.6323,0.5091
0.7,0.94,0.6184,0.4683
0.7,0.96,0.6108,0.482
0.7,0.98,0.613,0.5027
0.7,1,0.6193,0.4727
0.72,0.02,0.627,0.5064
0.72,0.04,0.6115,0.512
0.72,0.06,0.6063,0.4863
0.72,0.08,0.6091,0.5086
0.72,0.1,0.6018,0.5104
0.72,0.12,0.6314,0.5081
0.72,0.14,0.6124,0.4996
0.72,0.16,0.5908,0.5123
0.72,0.18,0.6117,0.5127
0.72,0.2,0.6153,0.4889
0.72,0.22,0.5931,0.482
0.72,0.24,0.6044,0.5176
0.72,0.26,0.6143,0.512
0.72,0.28,0.5993,0.5014
0.72,0.3,0.6148,0.4872
0.72,0.32,0.6234,0.4618
0.72,0.34,0.6303,0.4838
0.72,0.36,0.6238,0.4983
0.72,0.38,0.6003,0.5138
0.72,0.4,0.6056,0.4987
0.72,0.42,0.6067,0.4957
0.72,0.44,0.613,0.4795
0.72,0.46,0.604,0.4934
0.72,0.48,0.6184,0.4885
0.72,0.5,0.592,0.5293
0.72,0.52,0.599,0.5033
0.72,0.54,0.6282,0.5103
0.72,0.56,0.6055,0.5143
0.72,0.58,0.6285,0.4987
0.72,0.6,0.6052,0.4802
0.72,0.62,0.6008,0.4994
0.72,0.64,0.602,0.4858
0.72,0.66,0.6199,0.5254
0.72,0.68,0.6134,0.5023
0.72,0.7,0.6054,0.4982
0.72,0.72,0.6108,0.4653
0.72,0.74,0.6143,0.4814
0.72,0.76,0.6237,0.4977
0.72,0.78,0.6192,0.5078
0.72,0.8,0.602,0.4857
0.72,0.82,0.6005,0.5072
0.72,0.84,0.6114,0.4825
0.72,0.86,0.6153,0.4848
0.72,0.88,0.6113,0.4848
0.72,0.9,0.5825,0.5165
0.72,0.92,0.6152,0.5077
0.72,0.94,0.6073,0.5209
0.72,0.96,0.6196,0.492
0.72,0.98,0.5789,0.5175
0.72,1,0.6011,0.4987
0.74,0.02,0.6003,0.5025
0.74,0.04,0.6061,0.4839
0.74,0.06,0.6081,0.4686
0.74,0.08,0.5968,0.4835
0.74,0.1,0.6239,0.4692
0.74,0.12,0.5918,0.5204
0.74,0.14,0.6285,0.4832
0.74,0.16,0.6145,0.4869
0.74,0.18,0.581,0.5098
0.74,0.2,0.5962,0.4766
0.74,0.22,0.5843,0.514
0.74,0.24,0.6049,0.4957
0.74,0.26,0.6022,0.4905
0.74,0.28,0.6051,0.5097
0.74,0.3,0.626,0.497
0.74,0.32,0.6161,0.4786
0.74,0.34,0.6161,0.4854
0.74,0.36,0.6077,0.4915
0.74,0.38,0.6035,0.4913
0.74,0.4,0.6226,0.4649
0.74,0.42,0.588,0.4908
0.74,0.44,0.6081,0.4842
0.74,0.46,0.5963,0.5159
0.74,0.48,0.5966,0.4525
0.74,0.5,0.6148,0.5026
0.74,0.52,0.5797,0.5139
0.74,0.54,0.6191,0.4845
0.74,0.56,0.6271,0.4932
0.74,0.58,0.6027,0.5035
0.74,0.6,0.5975,0.5092
0.74,0.62,0.5967,0.5088
0.74,0.64,0.6128,0.4767
0.74,0.66,0.6316,0.4841
0.74,0.68,0.5826,0.5129
0.74,0.7,0.6011,0.4919
0.74,0.72,0.6161,0.4757
0.74,0.74,0.6055,0.4888
0.74,0.76,0.6176,0.4729
0.74,0.78,0.6012,0.4966
0.74,0.8,0.5933,0.487
0.74,0.82,0.6025,0.5083
0.74,0.84,0.6214,0.4824
0.74,0.86,0.5792,0.4942
0.74,0.88,0.6044,0.4848
0.74,0.9,0.5927,0.5103
0.74,0.92,0.6015,0.4685
0.74,0.94,0.6024,0.5125
0.74,0.96,0.6137,0.4933
0.74,0.98,0.6007,0.5053
0.74,1,0.6052,0.4895
0.76,0.02,0.5945,0.4823
0.76,0.04,0.6048,0.4732
0.76,0.06,0.626,0.5038
0.76,0.08,0.5946,0.4986
0.76,0.1,0.5889,0.5096
0.76,0.12,0.6041,0.4794
0.76,0.14,0.5864,0.5124
0.76,0.16,0.5894,0.4957
0.76,0.18,0.603,0.5131
0.76,0.2,0.6059,0.4969
0.76,0.22,0.6119,0.4967
0.76,0.24,0.6121,0.4633
0.76,0.26,0.5981,0.4762
0.76,0.28,0.6079,0.5099
0.76,0.3,0.5801,0.4935
0.76,0.32,0.6093,0.4867
0.76,0.34,0.6079,0.4999
0.76,0.36,0.6148,0.4828
0.76,0.38,0.6021,0.4916
0.76,0.4,0.6184,0.4944
0.76,0.42,0.5904,0.4843
0.76,0.44,0.6105,0.4963
0.76,0.46,0.6066,0.4843
0.76,0.48,0.5948,0.481
0.76,0.5,0.5777,0.497
0.76,0.52,0.6077,0.4862
0.76,0.54,0.5971,0.4848
0.76,0.56,0.6056,0.4905
0.76,0.58,0.61,0.4824
0.76,0.6,0.5979,0.4895
0.76,0.62,0.5821,0.5072
0.76,0.64,0.5977,0.5088
0.76,0.66,0.6176,0.4748
0.76,0.68,0.5993,0.4978
0.76,0.7,0.6038,0.49
0.76,0.72,0.618,0.4883
0.76,0.74,0.5992,0.484
0.76,0.76,0.6106,0.478
0.76,0.78,0.6087,0.486
0.76,0.8,0.5899,0.486
0.76,0.82,0.584,0.5028
0.76,0.84,0.6152,0.4962
0.76,0.86,0.5963,0.5038
0.76,0.88,0.6095,0.5055
0.76,0.9,0.6037,0.4917
0.76,0.92,0.6172,0.4909
0.76,0.94,0.6011,0.4881
0.76,0.96,0.6139,0.5013
0.76,0.98,0.5871,0.4922
0.76,1,0.6128,0.4827
0.78,0.02,0.6042,0.4637
0.78,0.04,0.5841,0.5063
0.78,0.06,0.6123,0.5028
0.78,0.08,0.6055,0.4857
0.78,0.1,0.6078,0.4656
0.78,0.12,0.5971,0.5019
0.78,0.14,0.5963,0.4594
0.78,0.16,0.615,0.4998
0.78,0.18,0.6013,0.4857
0.78,0.2,0.5977,0.5103
0.78,0.22,0.6137,0.4562
0.78,0.24,0.6039,0.4671
0.78,0.26,0.5972,0.4952
0.78,0.28,0.589,0.4627
0.78,0.3,0.6025,0.4812
0.78,0.32,0.6025,0.5041
0.78,0.34,0.5919,0.4948
0.78,0.36,0.5942,0.5163
0.78,0.38,0.6137,0.4694
0.78,0.4,0.6057,0.4636
0.78,0.42,0.593,0.481
0.78,0.44,0.6169,0.4626
0.78,0.46,0.6022,0.4847
0.78,0.48,0.5973,0.4893
0.78,0.5,0.6127,0.4682
0.78,0.52,0.6098,0.4666
0.78,0.54,0.6139,0.4693
0.78,0.56,0.6117,0.4766
0.78,0.58,0.5984,0.5015
0.78,0.6,0.6012,0.4923
0.78,0.62,0.5978,0.4973
0.78,0.64,0.5761,0.5043
0.78,0.66,0.5961,0.4952
0.78,0.68,0.6104,0.4954
0.78,0.7,0.6181,0.4836
0.78,0.72,0.5918,0.5025
0.78,0.74,0.6232,0.4839
0.78,0.76,0.5924,0.4671
0.78,0.78,0.6122,0.4851
0.78,0.8,0.6007,0.4845
0.78,0.82,0.5965,0.4767
0.78,0.84,0.6006,0.4723
0.78,0.86,0.5902,0.4724
0.78,0.88,0.5969,0.4787
0.78,0.9,0.6077,0.4711
0.78,0.92,0.5723,0.4982
0.78,0.94,0.5776,0.5109
0.78,0.96,0.5941,0.4793
0.78,0.98,0.6064,0.4775
0.78,1,0.6176,0.5008
0.8,0.02,0.5973,0.4715
0.8,0.04,0.6084,0.4789
0.8,0.06,0.5925,0.4904
0.8,0.08,0.6003,0.4964
0.8,0.1,0.6111,0.4542
0.8,0.12,0.6013,0.4848
0.8,0.14,0.5942,0.494
0.8,0.16,0.6063,0.4868
0.8,0.18,0.6052,0.4863
0.8,0.2,0.5913,0.4971
0.8,0.22,0.6016,0.4963
0.8,0.24,0.6101,0.4681
0.8,0.26,0.5946,0.4605
0.8,0.28,0.6065,0.4651
0.8,0.3,0.6041,0.4856
0.8,0.32,0.5945,0.4776
0.8,0.34,0.5892,0.4772
0.8,0.36,0.5734,0.4958
0.8,0.38,0.602,0.4735
0.8,0.4,0.6208,0.4807
0.8,0.42,0.5993,0.4757
0.8,0.44,0.5982,0.49
0.8,0.46,0.6073,0.496
0.8,0.48,0.6037,0.4721
0.8,0.5,0.5923,0.4904
0.8,0.52,0.5982,0.4731
0.8,0.54,0.6195,0.4667
0.8,0.56,0.5837,0.4934
0.8,0.58,0.5937,0.4828
0.8,0.6,0.6028,0.4726
0.8,0.62,0.6062,0.4718
0.8,0.64,0.5799,0.482
0.8,0.66,0.6074,0.4888
0.8,0.68,0.5981,0.4536
0.8,0.7,0.6024,0.4603
0.8,0.72,0.5905,0.4991
0.8,0.74,0.5871,0.4632
0.8,0.76,0.5834,0.486
0.8,0.78,0.6106,0.4895
0.8,0.8,0.6022,0.4917
0.8,0.82,0.5893,0.483
0.8,0.84,0.6122,0.4889
0.8,0.86,0.5855,0.5122
0.8,0.88,0.6144,0.4817
0.8,0.9,0.6031,0.5084
0.8,0.92,0.6041,0.5036
0.8,0.94,0.5916,0.4866
0.8,0.96,0.5735,0.5065
0.8,0.98,0.5905,0.4812
0.8,1,0.6075,0.4827
0.82,0.02,0.6179,0.4775
0.82,0.04,0.561,0.4721
0.82,0.06,0.5967,0.4815
0.82,0.08,0.5951,0.5104
0.82,0.1,0.6079,0.4794
0.82,0.12,0.5945,0.496
0.82,0.14,0.6021,0.4837
0.82,0.16,0.6105,0.4684
0.82,0.18,0.5844,0.5049
0.82,0.2,0.5843,0.5089
0.82,0.22,0.5797,0.4931
0.82,0.24,0.605,0.4919
0.82,0.26,0.5849,0.4625
0.82,0.28,0.6015,0.4675
0.82,0.3,0.6078,0.4876
0.82,0.32,0.5765,0.5082
0.82,0.34,0.5764,0.5053
0.82,0.36,0.6041,0.491
0.82,0.38,0.5939,0.4889
0.82,0.4,0.5762,0.469
0.82,0.42,0.597,0.493
0.82,0.44,0.5838,0.4835
0.82,0.46,0.5999,0.4823
0.82,0.48,0.5955,0.476
0.82,0.5,0.592,0.4913
0.82,0.52,0.5919,0.4835
0.82,0.54,0.5773,0.4863
0.82,0.56,0.5855,0.4963
0.82,0.58,0.5812,0.4838
0.82,0.6,0.5843,0.4954
0.82,0.62,0.5966,0.4812
0.82,0.64,0.6053,0.4956
0.82,0.66,0.5957,0.4939
0.82,0.68,0.6053,0.4984
0.82,0.7,0.6043,0.4924
0.82,0.72,0.6148,0.4811
0.82,0.74,0.5721,0.4797
0.82,0.76,0.5931,0.4773
0.82,0.78,0.5908,0.4742
0.82,0.8,0.5896,0.4891
0.82,0.82,0.5857,0.4636
0.82,0.84,0.6163,0.4691
0.82,0.86,0.5986,0.4713
0.82,0.88,0.5994,0.4776
0.82,0.9,0.5983,0.4778
0.82,0.92,0.6054,0.4832
0.82,0.94,0.5781,0.4832
0.82,0.96,0.5943,0.4955
0.82,0.98,0.5769,0.4866
0.82,1,0.5949,0.4778
0.84,0.02,0.5982,0.4737
0.84,0.04,0.6112,0.462
0.84,0.06,0.6004,0.4632
0.84,0.08,0.5894,0.4822
0.84,0.1,0.5791,0.488
0.84,0.12,0.5966,0.4705
0.84,0.14,0.5905,0.4868
0.84,0.16,0.5796,0.4717
0.84,0.18,0.6074,0.5018
0.84,0.2,0.6001,0.4603
0.84,0.22,0.5831,0.4884
0.84,0.24,0.5846,0.4846
0.84,0.26,0.5791,0.4799
0.84,0.28,0.5895,0.4868
0.84,0.3,0.6014,0.4969
0.84,0.32,0.5946,0.4661
0.84,0.34,0.5748,0.5071
0.84,0.36,0.5775,0.4834
0.84,0.38,0.6216,0.4588
0.84,0.4,0.6038,0.4904
0.84,0.42,0.5856,0.4981
0.84,0.44,0.5893,0.5016
0.84,0.46,0.6091,0.4735
0.84,0.48,0.5752,0.4999
0.84,0.5,0.6009,0.4982
0.84,0.52,0.5944,0.5002
0.84,0.54,0.6017,0.4649
0.84,0.56,0.5933,0.4701
0.84,0.58,0.5949,0.4893
0.84,0.6,0.5976,0.4864
0.84,0.62,0.5868,0.4662
0.84,0.64,0.5977,0.5105
0.84,0.66,0.5866,0.4816
0.84,0.68,0.5873,0.4592
0.84,0.7,0.5718,0.4906
0.84,0.72,0.5682,0.4931
0.84,0.74,0.5942,0.4783
0.84,0.76,0.5779,0.4768
0.84,0.78,0.5673,0.4656
0.84,0.8,0.5891,0.4863
0.84,0.82,0.5883,0.4782
0.84,0.84,0.6045,0.468
0.84,0.86,0.5831,0.4929
0.84,0.88,0.5958,0.4656
0.84,0.9,0.6033,0.4794
0.84,0.92,0.6022,0.4632
0.84,0.94,0.5783,0.5046
0.84,0.96,0.5912,0.4748
0.84,0.98,0.6042,0.4966
0.84,1,0.5803,0.4912
0.86,0.02,0.6178,0.4819
0.86,0.04,0.6001,0.4665
0.86,0.06,0.6005,0.4984
0.86,0.08,0.6034,0.4705
0.86,0.1,0.5622,0.4867
0.86,0.12,0.5754,0.4891
0.86,0.14,0.5698,0.4746
0.86,0.16,0.5984,0.4838
0.86,0.18,0.5984,0.4592
0.86,0.2,0.5746,0.4723
0.86,0.22,0.595,0.4562
0.86,0.24,0.5781,0.4652
0.86,0.26,0.5717,0.4854
0.86,0.28,0.5881,0.4721
0.86,0.3,0.5872,0.4726
0.86,0.32,0.6063,0.468
0.86,0.34,0.5925,0.486
0.86,0.36,0.5881,0.4608
0.86,0.38,0.5888,0.4894
0.86,0.4,0.6038,0.4978
0.86,0.42,0.5694,0.4785
0.86,0.44,0.5935,0.4823
0.86,0.46,0.588,0.4767
0.86,0.48,0.5888,0.4751
0.86,0.5,0.597,0.4925
0.86,0.52,0.5894,0.4699
0.86,0.54,0.6016,0.4964
0.86,0.56,0.5891,0.479
0.86,0.58,0.5796,0.4861
0.86,0.6,0.5942,0.4697
0.86,0.62,0.5855,0.4806
0.86,0.64,0.5953,0.4717
0.86,0.66,0.5908,0.4766
0.86,0.68,0.6033,0.4668
0.86,0.7,0.5925,0.4892
0.86,0.72,0.6017,0.4492
0.86,0.74,0.5952,0.4966
0.86,0.76,0.575,0.4752
0.86,0.78,0.5962,0.4885
0.86,0.8,0.583,0.4757
0.86,0.82,0.5857,0.5051
0.86,0.84,0.6129,0.4909
0.86,0.86,0.6065,0.4587
0.86,0.88,0.6074,0.4623
0.86,0.9,0.6138,0.4618
0.86,0.92,0.579,0.4858
0.86,0.94,0.5693,0.4884
0.86,0.96,0.5995,0.4681
0.86,0.98,0.594,0.4668
0.86,1,0.5803,0.4868
0.88,0.02,0.5731,0.4615
0.88,0.04,0.5987,0.4903
0.88,0.06,0.5817,0.4661
0.88,0.08,0.5738,0.4861
0.88,0.1,0.5882,0.4654
0.88,0.12,0.5962,0.4767
0.88,0.14,0.5899,0.4589
0.88,0.16,0.6056,0.465
0.88,0.18,0.5866,0.4887
0.88,0.2,0.5962,0.479
0.88,0.22,0.5851,0.4933
0.88,0.24,0.5995,0.4774
0.88,0.26,0.5812,0.4765
0.88,0.28,0.5949,0.4703
0.88,0.3,0.5901,0.4696
0.88,0.32,0.6071,0.4801
0.88,0.34,0.575,0.4824
0.88,0.36,0.597,0.492
0.88,0.38,0.5882,0.4727
0.88,0.4,0.5767,0.4598
0.88,0.42,0.5922,0.4983
0.88,0.44,0.5727,0.4817
0.88,0.46,0.5683,0.4909
0.88,0.48,0.5746,0.4774
0.88,0.5,0.5885,0.48
0.88,0.52,0.5952,0.4597
0.88,0.54,0.5867,0.4816
0.88,0.56,0.5888,0.4755
0.88,0.58,0.6119,0.4708
0.88,0.6,0.5986,0.4698
0.88,0.62,0.5575,0.4715
0.88,0.64,0.5847,0.4848
0.88,0.66,0.5827,0.454
0.88,0.68,0.5868,0.49
0.88,0.7,0.5959,0.469
0.88,0.72,0.606,0.4822
0.88,0.74,0.5894,0.4867
0.88,0.76,0.5597,0.4877
0.88,0.78,0.5938,0.4727
0.88,0.8,0.5947,0.4803
0.88,0.82,0.5956,0.4774
0.88,0.84,0.5775,0.4633
0.88,0.86,0.5894,0.4593
0.88,0.88,0.5871,0.4847
0.88,0.9,0.5858,0.483
0.88,0.92,0.5795,0.4824
0.88,0.94,0.6115,0.4783
0.88,0.96,0.5904,0.4509
0.88,0.98,0.5714,0.4567
0.88,1,0.5815,0.4754
0.9,0.02,0.5751,0.477
0.9,0.04,0.5767,0.482
0.9,0.06,0.6107,0.4685
0.9,0.08,0.6051,0.4698
0.9,0.1,0.5794,0.48
0.9,0.12,0.5904,0.4963
0.9,0.14,0.5721,0.4839
0.9,0.16,0.5745,0.4883
0.9,0.18,0.5676,0.4587
0.9,0.2,0.5767,0.4834
0.9,0.22,0.5852,0.4642
0.9,0.24,0.5664,0.4845
0.9,0.26,0.5873,0.4932
0.9,0.28,0.5884,0.4731
0.9,0.3,0.5512,0.4655
0.9,0.32,0.5872,0.4716
0.9,0.34,0.5869,0.4535
0.9,0.36,0.5995,0.4784
0.9,0.38,0.5847,0.4747
0.9,0.4,0.5941,0.4702
0.9,0.42,0.5934,0.4534
0.9,0.44,0.6003,0.4751
0.9,0.46,0.6077,0.4601
0.9,0.48,0.5654,0.4803
0.9,0.5,0.5896,0.4743
0.9,0.52,0.5945,0.4567
0.9,0.54,0.5767,0.4598
0.9,0.56,0.5807,0.4742
0.9,0.58,0.5854,0.4599
0.9,0.6,0.5906,0.4492
0.9,0.62,0.5901,0.4621
0.9,0.64,0.5726,0.4964
0.9,0.66,0.593,0.4654
0.9,0.68,0.5908,0.4685
0.9,0.7,0.5829,0.4927
0.9,0.72,0.5994,0.4874
0.9,0.74,0.603,0.4623
0.9,0.76,0.5732,0.4834
0.9,0.78,0.5735,0.4879
0.9,0.8,0.5826,0.473
0.9,0.82,0.5818,0.4618
0.9,0.84,0.5881,0.4675
0.9,0.86,0.5841,0.4724
0.9,0.88,0.5746,0.4669
0.9,0.9,0.5922,0.4764
0.9,0.92,0.5653,0.4935
0.9,0.94,0.6061,0.4816
0.9,0.96,0.5821,0.4708
0.9,0.98,0.576,0.4611
0.9,1,0.5919,0.462
0.92,0.02,0.5718,0.48
0.92,0.04,0.5944,0.4498
0.92,0.06,0.571,0.4824
0.92,0.08,0.5931,0.4668
0.92,0.1,0.5774,0.4737
0.92,0.12,0.5851,0.4845
0.92,0.14,0.5796,0.4696
0.92,0.16,0.5695,0.4654
0.92,0.18,0.5838,0.4657
0.92,0.2,0.5995,0.458
0.92,0.22,0.5842,0.4488
0.92,0.24,0.5678,0.4827
0.92,0.26,0.5834,0.4505
0.92,0.28,0.5711,0.4784
0.92,0.3,0.5917,0.4688
0.92,0.32,0.5749,0.4767
0.92,0.34,0.5886,0.4726
0.92,0.36,0.5731,0.4567
0.92,0.38,0.5847,0.4876
0.92,0.4,0.5772,0.4722
0.92,0.42,0.5705,0.4744
0.92,0.44,0.5733,0.4728
0.92,0.46,0.5826,0.484
0.92,0.48,0.5746,0.4686
0.92,0.5,0.5803,0.4616
0.92,0.52,0.5803,0.4701
0.92,0.54,0.56,0.4764
0.92,0.56,0.5871,0.4543
0.92,0.58,0.5927,0.4439
0.92,0.6,0.5789,0.4689
0.92,0.62,0.5976,0.4595
0.92,0.64,0.5856,0.4606
0.92,0.66,0.5682,0.4899
0.92,0.68,0.5945,0.4895
0.92,0.7,0.5736,0.4631
0.92,0.72,0.5788,0.4722
0.92,0.74,0.5865,0.4869
0.92,0.76,0.5852,0.4932
0.92,0.78,0.5856,0.4896
0.92,0.8,0.5838,0.4539
0.92,0.82,0.5663,0.4748
0.92,0.84,0.5964,0.4603
0.92,0.86,0.5937,0.4563
0.92,0.88,0.5746,0.4665
0.92,0.9,0.5824,0.4694
0.92,0.92,0.5619,0.4893
0.92,0.94,0.5863,0.4722
0.92,0.96,0.5759,0.4582
0.92,0.98,0.5846,0.4757
0.92,1,0.5631,0.4841
0.94,0.02,0.5962,0.4485
0.94,0.04,0.5678,0.4686
0.94,0.06,0.592,0.4584
0.94,0.08,0.5825,0.4574
0.94,0.1,0.5529,0.4839
0.94,0.12,0.5883,0.47
0.94,0.14,0.5668,0.4732
0.94,0.16,0.5686,0.4529
0.94,0.18,0.5776,0.4761
0.94,0.2,0.5802,0.4656
0.94,0.22,0.5582,0.4741
0.94,0.24,0.5657,0.4625
0.94,0.26,0.5733,0.4743
0.94,0.28,0.586,0.4706
0.94,0.3,0.5891,0.4549
0.94,0.32,0.5889,0.447
0.94,0.34,0.5676,0.4455
0.94,0.36,0.5553,0.4764
0.94,0.38,0.5602,0.4609
0.94,0.4,0.584,0.4618
0.94,0.42,0.5775,0.4838
0.94,0.44,0.559,0.4806
0.94,0.46,0.5801,0.4529
0.94,0.48,0.5765,0.4788
0.94,0.5,0.5972,0.4493
0.94,0.52,0.5668,0.459
0.94,0.54,0.6028,0.4582
0.94,0.56,0.5798,0.4706
0.94,0.58,0.5708,0.4712
0.94,0.6,0.5757,0.4694
0.94,0.62,0.5841,0.4708
0.94,0.64,0.5735,0.4649
0.94,0.66,0.5766,0.469
0.94,0.68,0.6009,0.4767
0.94,0.7,0.5774,0.4851
0.94,0.72,0.5951,0.43
0.94,0.74,0.5851,0.4744
0.94,0.76,0.573,0.4863
0.94,0.78,0.575,0.4568
0.94,0.8,0.5546,0.4732
0.94,0.82,0.5824,0.4495
0.94,0.84,0.5655,0.47
0.94,0.86,0.5768,0.4806
0.94,0.88,0.5893,0.4729
0.94,0.9,0.5833,0.4525
0.94,0.92,0.566,0.4936
0.94,0.94,0.5617,0.4402
0.94,0.96,0.5638,0.4632
0.94,0.98,0.5667,0.4747
0.94,1,0.5672,0.4659
0.96,0.02,0.5881,0.4502
0.96,0.04,0.5862,0.4747
0.96,0.06,0.5754,0.4766
0.96,0.08,0.5809,0.4836
0.96,0.1,0.5657,0.4604
0.96,0.12,0.6021,0.4691
0.96,0.14,0.5949,0.4514
0.96,0.16,0.5498,0.4869
0.96,0.18,0.5793,0.4469
0.96,0.2,0.5581,0.4612
0.96,0.22,0.5675,0.4649
0.96,0.24,0.571,0.4799
0.96,0.26,0.5764,0.4753
0.96,0.28,0.5759,0.4699
0.96,0.3,0.5664,0.4443
0.96,0.32,0.5737,0.4562
0.96,0.34,0.5778,0.486
0.96,0.36,0.567,0.4668
0.96,0.38,0.5852,0.4601
0.96,0.4,0.5436,0.4768
0.96,0.42,0.5731,0.4614
0.96,0.44,0.5678,0.4543
0.96,0.46,0.5921,0.4618
0.96,0.48,0.5665,0.4613
0.96,0.5,0.5726,0.4392
0.96,0.52,0.5587,0.4666
0.96,0.54,0.5701,0.4562
0.96,0.56,0.5697,0.4672
0.96,0.58,0.5792,0.4537
0.96,0.6,0.5752,0.4679
0.96,0.62,0.5736,0.47
0.96,0.64,0.5772,0.4663
0.96,0.66,0.5865,0.4549
0.96,0.68,0.5789,0.4785
0.96,0.7,0.5758,0.4511
0.96,0.72,0.5781,0.4622
0.96,0.74,0.5877,0.4687
0.96,0.76,0.5776,0.4617
0.96,0.78,0.5786,0.4541
0.96,0.8,0.578,0.4648
0.96,0.82,0.5715,0.4552
0.96,0.84,0.565,0.4596
0.96,0.86,0.5688,0.4818
0.96,0.88,0.5715,0.4561
0.96,0.9,0.5523,0.4792
0.96,0.92,0.5722,0.4537
0.96,0.94,0.5584,0.4623
0.96,0.96,0.5734,0.456
0.96,0.98,0.5684,0.4598
0.96,1,0.5657,0.4861
0.98,0.02,0.5707,0.4604
0.98,0.04,0.5723,0.475
0.98,0.06,0.5822,0.4547
0.98,0.08,0.5665,0.4437
0.98,0.1,0.5775,0.4758
0.98,0.12,0.5797,0.4484
0.98,0.14,0.5782,0.4743
0.98,0.16,0.5834,0.4399
0.98,0.18,0.5818,0.4381
0.98,0.2,0.569,0.4511
0.98,0.22,0.5608,0.4563
0.98,0.24,0.5783,0.4624
0.98,0.26,0.5717,0.4548
0.98,0.28,0.5795,0.4537
0.98,0.3,0.5816,0.4528
0.98,0.32,0.5876,0.4681
0.98,0.34,0.5676,0.4791
0.98,0.36,0.561,0.4572
0.98,0.38,0.5634,0.4796
0.98,0.4,0.5636,0.4649
0.98,0.42,0.5509,0.461
0.98,0.44,0.5612,0.4679
0.98,0.46,0.5685,0.469
0.98,0.48,0.5583,0.4599
0.98,0.5,0.5803,0.4725
0.98,0.52,0.5808,0.4704
0.98,0.54,0.574,0.4611
0.98,0.56,0.5825,0.4626
0.98,0.58,0.5619,0.4534
0.98,0.6,0.5629,0.4648
0.98,0.62,0.5679,0.4626
0.98,0.64,0.5865,0.4718
0.98,0.66,0.5662,0.465
0.98,0.68,0.5896,0.4553
0.98,0.7,0.5629,0.4786
0.98,0.72,0.563,0.4634
0.98,0.74,0.5852,0.4506
0.98,0.76,0.5725,0.4423
0.98,0.78,0.5793,0.4498
0.98,0.8,0.5531,0.449
0.98,0.82,0.5676,0.4388
0.98,0.84,0.5685,0.4715
0.98,0.86,0.5657,0.4591
0.98,0.88,0.5846,0.4678
0.98,0.9,0.5811,0.4414
0.98,0.92,0.5847,0.4433
0.98,0.94,0.5559,0.4597
0.98,0.96,0.5885,0.4602
0.98,0.98,0.5835,0.4643
0.98,1,0.5886,0.441
1,0.02,0.5844,0.4523
1,0.04,0.5744,0.4574
1,0.06,0.5735,0.4575
1,0.08,0.5652,0.4668
1,0.1,0.5635,0.4655
1,0.12,0.5762,0.4428
1,0.14,0.5749,0.4205
1,0.16,0.5735,0.4639
1,0.18,0.5714,0.4533
1,0.2,0.5676,0.4864
1,0.22,0.5554,0.4661
1,0.24,0.566,0.4542
1,0.26,0.5537,0.4736
1,0.28,0.5816,0.4753
1,0.3,0.5557,0.4658
1,0.32,0.5865,0.4623
1,0.34,0.5788,0.4627
1,0.36,0.5378,0.4795
1,0.38,0.5517,0.4475
1,0.4,0.566,0.4254
1,0.42,0.5723,0.4587
1,0.44,0.5839,0.4527
1,0.46,0.5741,0.4664
1,0.48,0.5534,0.4525
1,0.5,0.5631,0.4582
1,0.52,0.5654,0.4508
1,0.54,0.5782,0.4557
1,0.56,0.5796,0.4485
1,0.58,0.5808,0.4659
1,0.6,0.5556,0.4793
1,0.62,0.5772,0.4703
1,0.64,0.5845,0.4425
1,0.66,0.5904,0.4332
1,0.68,0.5724,0.4582
1,0.7,0.5759,0.4623
1,0.72,0.5719,0.4692
1,0.74,0.5662,0.459
1,0.76,0.5712,0.4519
1,0.78,0.5681,0.4668
1,0.8,0.5748,0.4773
1,0.82,0.583,0.4592
1,0.84,0.5698,0.4349
1,0.86,0.5595,0.4713
1,0.88,0.5536,0.4624
1,0.9,0.5814,0.4424
1,0.92,0.5694,0.4431
1,0.94,0.5517,0.4435
1,0.96,0.5763,0.4456
1,0.98,0.5903,0.4418
1,1,0.5805,0.466
