"alpha","lamda2","rho_A","rho_I"
0.02,0.02,0.69035,0.56945
0.02,0.04,0.696,0.5863
0.02,0.06,0.6748,0.58735
0.02,0.08,0.694,0.59285
0.02,0.1,0.6784,0.57155
0.02,0.12,0.68955,0.5776
0.02,0.14,0.69435,0.5811
0.02,0.16,0.6802,0.56605
0.02,0.18,0.70415,0.56445
0.02,0.2,0.685,0.57055
0.02,0.22,0.69075,0.57865
0.02,0.24,0.68435,0.5654
0.02,0.26,0.67385,0.5989
0.02,0.28,0.69715,0.56065
0.02,0.3,0.6946,0.5586
0.02,0.32,0.6846,0.57115
0.02,0.34,0.67975,0.5789
0.02,0.36,0.692,0.57875
0.02,0.38,0.6957,0.5782
0.02,0.4,0.70455,0.5704
0.02,0.42,0.69,0.5673
0.02,0.44,0.6885,0.5623
0.02,0.46,0.70395,0.5595
0.02,0.48,0.6834,0.5802
0.02,0.5,0.69875,0.57995
0.02,0.52,0.6972,0.5751
0.02,0.54,0.7075,0.57805
0.02,0.56,0.70935,0.5625
0.02,0.58,0.69005,0.56505
0.02,0.6,0.6914,0.56005
0.02,0.62,0.6975,0.567
0.02,0.64,0.67315,0.5884
0.02,0.66,0.69165,0.55555
0.02,0.68,0.68665,0.5741
0.02,0.7,0.69205,0.5844
0.02,0.72,0.6882,0.58225
0.02,0.74,0.69285,0.5775
0.02,0.76,0.69765,0.5848
0.02,0.78,0.67835,0.5865
0.02,0.8,0.68145,0.5814
0.02,0.82,0.69725,0.5894
0.02,0.84,0.6881,0.5561
0.02,0.86,0.68535,0.56325
0.02,0.88,0.70135,0.58225
0.02,0.9,0.6853,0.5843
0.02,0.92,0.69985,0.5666
0.02,0.94,0.70275,0.5865
0.02,0.96,0.7088,0.56585
0.02,0.98,0.6955,0.57845
0.02,1,0.7131,0.57395
0.04,0.02,0.6861,0.5626
0.04,0.04,0.6697,0.57365
0.04,0.06,0.68645,0.59565
0.04,0.08,0.6844,0.56235
0.04,0.1,0.70635,0.59405
0.04,0.12,0.6812,0.5682
0.04,0.14,0.67925,0.55895
0.04,0.16,0.7007,0.56905
0.04,0.18,0.6859,0.56605
0.04,0.2,0.6772,0.58855
0.04,0.22,0.69285,0.5679
0.04,0.24,0.69095,0.56345
0.04,0.26,0.68305,0.57805
0.04,0.28,0.68435,0.5527
0.04,0.3,0.6802,0.56835
0.04,0.32,0.6905,0.58285
0.04,0.34,0.6869,0.5619
0.04,0.36,0.70705,0.5632
0.04,0.38,0.67815,0.5927
0.04,0.4,0.6821,0.57365
0.04,0.42,0.7001,0.57925
0.04,0.44,0.6861,0.56215
0.04,0.46,0.6885,0.5679
0.04,0.48,0.6917,0.56875
0.04,0.5,0.68245,0.55525
0.04,0.52,0.7002,0.5788
0.04,0.54,0.6839,0.57845
0.04,0.56,0.6984,0.5735
0.04,0.58,0.69245,0.57425
0.04,0.6,0.6992,0.56395
0.04,0.62,0.6965,0.5836
0.04,0.64,0.692,0.5879
0.04,0.66,0.67885,0.587
0.04,0.68,0.6969,0.56495
0.04,0.7,0.6948,0.57205
0.04,0.72,0.6936,0.57565
0.04,0.74,0.692,0.56775
0.04,0.76,0.6903,0.5577
0.04,0.78,0.6962,0.5823
0.04,0.8,0.67715,0.5801
0.04,0.82,0.69815,0.5657
0.04,0.84,0.6939,0.57555
0.04,0.86,0.67885,0.5799
0.04,0.88,0.6785,0.57965
0.04,0.9,0.67195,0.57735
0.04,0.92,0.69535,0.57595
0.04,0.94,0.68715,0.5812
0.04,0.96,0.6975,0.5641
0.04,0.98,0.69345,0.5745
0.04,1,0.68745,0.561
0.06,0.02,0.70125,0.5551
0.06,0.04,0.6886,0.57425
0.06,0.06,0.66345,0.57795
0.06,0.08,0.68215,0.58375
0.06,0.1,0.6888,0.57355
0.06,0.12,0.7007,0.582
0.06,0.14,0.67325,0.5929
0.06,0.16,0.67945,0.5854
0.06,0.18,0.6721,0.5875
0.06,0.2,0.68655,0.57065
0.06,0.22,0.6758,0.57755
0.06,0.24,0.6758,0.5736
0.06,0.26,0.6755,0.57065
0.06,0.28,0.6838,0.5674
0.06,0.3,0.7036,0.5625
0.06,0.32,0.6848,0.5669
0.06,0.34,0.676,0.56335
0.06,0.36,0.67425,0.5682
0.06,0.38,0.67945,0.5731
0.06,0.4,0.68565,0.57395
0.06,0.42,0.68455,0.5757
0.06,0.44,0.69365,0.5673
0.06,0.46,0.6762,0.5885
0.06,0.48,0.6851,0.55785
0.06,0.5,0.684,0.57125
0.06,0.52,0.64925,0.57845
0.06,0.54,0.6853,0.5565
0.06,0.56,0.6921,0.57575
0.06,0.58,0.66835,0.58145
0.06,0.6,0.6946,0.58225
0.06,0.62,0.6828,0.5582
0.06,0.64,0.67845,0.59015
0.06,0.66,0.68535,0.57875
0.06,0.68,0.69805,0.5744
0.06,0.7,0.68485,0.5815
0.06,0.72,0.69425,0.57135
0.06,0.74,0.69595,0.5805
0.06,0.76,0.69505,0.5766
0.06,0.78,0.69555,0.56475
0.06,0.8,0.6666,0.58385
0.06,0.82,0.70665,0.57945
0.06,0.84,0.686,0.56435
0.06,0.86,0.6678,0.57945
0.06,0.88,0.69925,0.5677
0.06,0.9,0.6887,0.56085
0.06,0.92,0.68345,0.57595
0.06,0.94,0.6882,0.56245
0.06,0.96,0.68655,0.57815
0.06,0.98,0.67715,0.5673
0.06,1,0.68135,0.5424
0.08,0.02,0.66935,0.58295
0.08,0.04,0.67885,0.576
0.08,0.06,0.67455,0.57185
0.08,0.08,0.68055,0.58605
0.08,0.1,0.68095,0.5532
0.08,0.12,0.69055,0.5656
0.08,0.14,0.6919,0.5759
0.08,0.16,0.6927,0.5572
0.08,0.18,0.6859,0.55625
0.08,0.2,0.6893,0.56555
0.08,0.22,0.68945,0.5656
0.08,0.24,0.68925,0.55565
0.08,0.26,0.68635,0.5667
0.08,0.28,0.6802,0.5496
0.08,0.3,0.6873,0.56015
0.08,0.32,0.69305,0.57435
0.08,0.34,0.6805,0.57355
0.08,0.36,0.68515,0.55065
0.08,0.38,0.6766,0.5731
0.08,0.4,0.67965,0.5619
0.08,0.42,0.6857,0.5918
0.08,0.44,0.69235,0.5683
0.08,0.46,0.6944,0.5552
0.08,0.48,0.68545,0.57345
0.08,0.5,0.6892,0.5685
0.08,0.52,0.67395,0.57615
0.08,0.54,0.6883,0.5931
0.08,0.56,0.6777,0.5634
0.08,0.58,0.6836,0.56095
0.08,0.6,0.68045,0.56575
0.08,0.62,0.69545,0.56775
0.08,0.64,0.6796,0.56745
0.08,0.66,0.6899,0.5844
0.08,0.68,0.68945,0.5738
0.08,0.7,0.68685,0.5597
0.08,0.72,0.67895,0.58135
0.08,0.74,0.6784,0.58485
0.08,0.76,0.68345,0.5791
0.08,0.78,0.71275,0.55495
0.08,0.8,0.679,0.55865
0.08,0.82,0.67345,0.57635
0.08,0.84,0.68875,0.56425
0.08,0.86,0.6781,0.5701
0.08,0.88,0.70255,0.5646
0.08,0.9,0.67175,0.5943
0.08,0.92,0.68115,0.57605
0.08,0.94,0.6829,0.58185
0.08,0.96,0.68855,0.55755
0.08,0.98,0.69135,0.5566
0.08,1,0.6912,0.56215
0.1,0.02,0.67955,0.55695
0.1,0.04,0.69765,0.56985
0.1,0.06,0.66775,0.56045
0.1,0.08,0.67685,0.57235
0.1,0.1,0.6752,0.57295
0.1,0.12,0.68665,0.5564
0.1,0.14,0.67315,0.5715
0.1,0.16,0.6827,0.57425
0.1,0.18,0.69095,0.56835
0.1,0.2,0.68025,0.5775
0.1,0.22,0.6842,0.57485
0.1,0.24,0.6647,0.5644
0.1,0.26,0.6897,0.5728
0.1,0.28,0.6834,0.5592
0.1,0.3,0.67965,0.57135
0.1,0.32,0.67345,0.5646
0.1,0.34,0.681,0.5655
0.1,0.36,0.69555,0.56575
0.1,0.38,0.67715,0.5551
0.1,0.4,0.68105,0.5816
0.1,0.42,0.66405,0.5714
0.1,0.44,0.6934,0.57165
0.1,0.46,0.6947,0.55985
0.1,0.48,0.6928,0.5651
0.1,0.5,0.68685,0.57125
0.1,0.52,0.66665,0.58215
0.1,0.54,0.67525,0.5638
0.1,0.56,0.6615,0.5771
0.1,0.58,0.67985,0.55315
0.1,0.6,0.6834,0.564
0.1,0.62,0.6692,0.5586
0.1,0.64,0.6654,0.56985
0.1,0.66,0.6758,0.56195
0.1,0.68,0.6802,0.5666
0.1,0.7,0.6937,0.563
0.1,0.72,0.68875,0.5763
0.1,0.74,0.6769,0.5726
0.1,0.76,0.68785,0.57135
0.1,0.78,0.6845,0.5644
0.1,0.8,0.6884,0.5614
0.1,0.82,0.6882,0.56185
0.1,0.84,0.6899,0.57695
0.1,0.86,0.6783,0.57165
0.1,0.88,0.68555,0.5732
0.1,0.9,0.69075,0.5601
0.1,0.92,0.669,0.569
0.1,0.94,0.69725,0.57485
0.1,0.96,0.6903,0.5668
0.1,0.98,0.6878,0.5718
0.1,1,0.68435,0.56885
0.12,0.02,0.6856,0.54155
0.12,0.04,0.6767,0.57025
0.12,0.06,0.6682,0.58665
0.12,0.08,0.66845,0.56675
0.12,0.1,0.6582,0.5714
0.12,0.12,0.69995,0.54775
0.12,0.14,0.6773,0.57415
0.12,0.16,0.67335,0.564
0.12,0.18,0.6931,0.57305
0.12,0.2,0.6715,0.5828
0.12,0.22,0.67385,0.5619
0.12,0.24,0.69035,0.57565
0.12,0.26,0.68935,0.5614
0.12,0.28,0.66905,0.56665
0.12,0.3,0.68415,0.5636
0.12,0.32,0.6821,0.5671
0.12,0.34,0.6885,0.5494
0.12,0.36,0.6729,0.58275
0.12,0.38,0.6749,0.5588
0.12,0.4,0.6757,0.56305
0.12,0.42,0.67665,0.5617
0.12,0.44,0.6846,0.53885
0.12,0.46,0.6811,0.56115
0.12,0.48,0.68385,0.56715
0.12,0.5,0.67575,0.58455
0.12,0.52,0.67515,0.5568
0.12,0.54,0.67005,0.57165
0.12,0.56,0.66635,0.5701
0.12,0.58,0.6773,0.57365
0.12,0.6,0.67585,0.55795
0.12,0.62,0.672,0.58215
0.12,0.64,0.66495,0.5744
0.12,0.66,0.68955,0.5647
0.12,0.68,0.69195,0.5529
0.12,0.7,0.6927,0.558
0.12,0.72,0.6688,0.57495
0.12,0.74,0.68195,0.5578
0.12,0.76,0.6851,0.56935
0.12,0.78,0.6815,0.5747
0.12,0.8,0.6794,0.5697
0.12,0.82,0.69805,0.5348
0.12,0.84,0.66645,0.5717
0.12,0.86,0.6892,0.5489
0.12,0.88,0.6794,0.57015
0.12,0.9,0.67695,0.5703
0.12,0.92,0.6852,0.5483
0.12,0.94,0.67705,0.57195
0.12,0.96,0.6952,0.558
0.12,0.98,0.67975,0.5648
0.12,1,0.6647,0.5795
0.14,0.02,0.6956,0.56645
0.14,0.04,0.68575,0.5512
0.14,0.06,0.67565,0.57795
0.14,0.08,0.66515,0.57195
0.14,0.1,0.66835,0.58095
0.14,0.12,0.66805,0.5729
0.14,0.14,0.6856,0.54155
0.14,0.16,0.68885,0.5626
0.14,0.18,0.6754,0.57415
0.14,0.2,0.6815,0.5503
0.14,0.22,0.6759,0.55555
0.14,0.24,0.68225,0.57865
0.14,0.26,0.676,0.5758
0.14,0.28,0.68155,0.5615
0.14,0.3,0.6691,0.56345
0.14,0.32,0.68695,0.5531
0.14,0.34,0.67705,0.5836
0.14,0.36,0.6685,0.58205
0.14,0.38,0.68625,0.554
0.14,0.4,0.6911,0.54995
0.14,0.42,0.66935,0.5744
0.14,0.44,0.6881,0.56975
0.14,0.46,0.6721,0.56115
0.14,0.48,0.67185,0.5604
0.14,0.5,0.6736,0.56445
0.14,0.52,0.68235,0.54445
0.14,0.54,0.69435,0.5623
0.14,0.56,0.6606,0.5668
0.14,0.58,0.6754,0.57495
0.14,0.6,0.6792,0.5569
0.14,0.62,0.6658,0.56065
0.14,0.64,0.67205,0.55735
0.14,0.66,0.6649,0.5513
0.14,0.68,0.6715,0.55825
0.14,0.7,0.6666,0.5777
0.14,0.72,0.68305,0.56455
0.14,0.74,0.6845,0.5502
0.14,0.76,0.6795,0.56405
0.14,0.78,0.6682,0.5725
0.14,0.8,0.66665,0.5759
0.14,0.82,0.6886,0.54295
0.14,0.84,0.695,0.56635
0.14,0.86,0.68875,0.55455
0.14,0.88,0.6677,0.5775
0.14,0.9,0.6888,0.55155
0.14,0.92,0.66375,0.5552
0.14,0.94,0.67935,0.56725
0.14,0.96,0.67275,0.5584
0.14,0.98,0.67345,0.5671
0.14,1,0.68655,0.549
0.16,0.02,0.6615,0.5589
0.16,0.04,0.67185,0.5609
0.16,0.06,0.6595,0.55825
0.16,0.08,0.67225,0.5553
0.16,0.1,0.67815,0.5532
0.16,0.12,0.6819,0.5624
0.16,0.14,0.68965,0.55205
0.16,0.16,0.6825,0.54985
0.16,0.18,0.66415,0.56555
0.16,0.2,0.6908,0.55465
0.16,0.22,0.64805,0.57805
0.16,0.24,0.6707,0.55565
0.16,0.26,0.6847,0.56475
0.16,0.28,0.6741,0.5611
0.16,0.3,0.66755,0.5404
0.16,0.32,0.68055,0.5542
0.16,0.34,0.67445,0.561
0.16,0.36,0.6878,0.5649
0.16,0.38,0.67665,0.5434
0.16,0.4,0.67075,0.54655
0.16,0.42,0.67695,0.5676
0.16,0.44,0.65885,0.579
0.16,0.46,0.6825,0.56435
0.16,0.48,0.67595,0.55905
0.16,0.5,0.6634,0.55915
0.16,0.52,0.68405,0.5717
0.16,0.54,0.66525,0.54825
0.16,0.56,0.6741,0.53365
0.16,0.58,0.67345,0.5572
0.16,0.6,0.67145,0.56085
0.16,0.62,0.67465,0.5663
0.16,0.64,0.6699,0.5531
0.16,0.66,0.678,0.567
0.16,0.68,0.6781,0.56195
0.16,0.7,0.6903,0.5613
0.16,0.72,0.68605,0.5731
0.16,0.74,0.66545,0.57305
0.16,0.76,0.6726,0.5652
0.16,0.78,0.66955,0.56
0.16,0.8,0.68185,0.56315
0.16,0.82,0.6848,0.54925
0.16,0.84,0.679,0.57625
0.16,0.86,0.68505,0.54345
0.16,0.88,0.67795,0.5647
0.16,0.9,0.6711,0.55875
0.16,0.92,0.68035,0.5571
0.16,0.94,0.6886,0.56215
0.16,0.96,0.6822,0.53525
0.16,0.98,0.66685,0.56865
0.16,1,0.67285,0.5668
0.18,0.02,0.65375,0.57925
0.18,0.04,0.6633,0.54555
0.18,0.06,0.67095,0.56785
0.18,0.08,0.6724,0.5747
0.18,0.1,0.66095,0.56
0.18,0.12,0.6783,0.5445
0.18,0.14,0.66455,0.56625
0.18,0.16,0.6598,0.5668
0.18,0.18,0.67485,0.5788
0.18,0.2,0.6621,0.5613
0.18,0.22,0.67735,0.56055
0.18,0.24,0.68695,0.5588
0.18,0.26,0.6662,0.56005
0.18,0.28,0.67655,0.5551
0.18,0.3,0.66035,0.56445
0.18,0.32,0.6659,0.55245
0.18,0.34,0.66855,0.55985
0.18,0.36,0.6908,0.56785
0.18,0.38,0.6856,0.56165
0.18,0.4,0.67235,0.5753
0.18,0.42,0.6967,0.54985
0.18,0.44,0.68955,0.56715
0.18,0.46,0.6804,0.5631
0.18,0.48,0.67515,0.5645
0.18,0.5,0.6595,0.56285
0.18,0.52,0.6839,0.5661
0.18,0.54,0.6663,0.54945
0.18,0.56,0.66965,0.5564
0.18,0.58,0.67775,0.55125
0.18,0.6,0.6617,0.54845
0.18,0.62,0.6862,0.5479
0.18,0.64,0.66695,0.57435
0.18,0.66,0.65365,0.57665
0.18,0.68,0.65825,0.5529
0.18,0.7,0.6665,0.56175
0.18,0.72,0.6763,0.55485
0.18,0.74,0.68265,0.5519
0.18,0.76,0.67685,0.5651
0.18,0.78,0.66765,0.5567
0.18,0.8,0.6646,0.55905
0.18,0.82,0.6719,0.56585
0.18,0.84,0.70545,0.55175
0.18,0.86,0.6581,0.5641
0.18,0.88,0.6699,0.5401
0.18,0.9,0.6767,0.5615
0.18,0.92,0.67205,0.56085
0.18,0.94,0.672,0.56705
0.18,0.96,0.67365,0.58075
0.18,0.98,0.68025,0.5475
0.18,1,0.6774,0.552
0.2,0.02,0.673,0.5569
0.2,0.04,0.6723,0.5517
0.2,0.06,0.688,0.543
0.2,0.08,0.67775,0.55405
0.2,0.1,0.67065,0.5452
0.2,0.12,0.67035,0.54855
0.2,0.14,0.6719,0.55765
0.2,0.16,0.6498,0.5716
0.2,0.18,0.6885,0.54035
0.2,0.2,0.67305,0.55685
0.2,0.22,0.6575,0.5673
0.2,0.24,0.67615,0.54095
0.2,0.26,0.68125,0.5587
0.2,0.28,0.6741,0.56565
0.2,0.3,0.67165,0.5573
0.2,0.32,0.67335,0.55995
0.2,0.34,0.6621,0.568
0.2,0.36,0.6643,0.557
0.2,0.38,0.6665,0.5334
0.2,0.4,0.6776,0.56955
0.2,0.42,0.66425,0.5496
0.2,0.44,0.6728,0.53915
0.2,0.46,0.6895,0.57015
0.2,0.48,0.672,0.5559
0.2,0.5,0.66965,0.5608
0.2,0.52,0.6767,0.55155
0.2,0.54,0.6836,0.53115
0.2,0.56,0.6682,0.5486
0.2,0.58,0.6743,0.54465
0.2,0.6,0.6805,0.55955
0.2,0.62,0.67925,0.54465
0.2,0.64,0.6618,0.55065
0.2,0.66,0.6717,0.55975
0.2,0.68,0.6759,0.56065
0.2,0.7,0.6751,0.5686
0.2,0.72,0.67825,0.5566
0.2,0.74,0.67295,0.5719
0.2,0.76,0.6814,0.54655
0.2,0.78,0.67565,0.57625
0.2,0.8,0.6805,0.5658
0.2,0.82,0.68005,0.54065
0.2,0.84,0.6674,0.56305
0.2,0.86,0.67455,0.53415
0.2,0.88,0.67035,0.57645
0.2,0.9,0.67175,0.5604
0.2,0.92,0.6709,0.5657
0.2,0.94,0.6654,0.57255
0.2,0.96,0.66715,0.5594
0.2,0.98,0.677,0.56285
0.2,1,0.6873,0.54615
0.22,0.02,0.66955,0.56225
0.22,0.04,0.6563,0.54625
0.22,0.06,0.6558,0.56915
0.22,0.08,0.66345,0.57605
0.22,0.1,0.6596,0.5672
0.22,0.12,0.67705,0.5482
0.22,0.14,0.67245,0.55645
0.22,0.16,0.65725,0.5716
0.22,0.18,0.66765,0.56305
0.22,0.2,0.6773,0.567
0.22,0.22,0.6811,0.56875
0.22,0.24,0.66275,0.57075
0.22,0.26,0.65115,0.55635
0.22,0.28,0.6945,0.5588
0.22,0.3,0.67335,0.54655
0.22,0.32,0.66835,0.5588
0.22,0.34,0.6734,0.56565
0.22,0.36,0.6775,0.54505
0.22,0.38,0.6719,0.54925
0.22,0.4,0.66425,0.55255
0.22,0.42,0.67765,0.54695
0.22,0.44,0.66915,0.55295
0.22,0.46,0.6764,0.5664
0.22,0.48,0.6729,0.54505
0.22,0.5,0.6794,0.5586
0.22,0.52,0.6812,0.55165
0.22,0.54,0.6729,0.5611
0.22,0.56,0.67825,0.5542
0.22,0.58,0.67375,0.5411
0.22,0.6,0.66355,0.55705
0.22,0.62,0.67615,0.55195
0.22,0.64,0.6597,0.5546
0.22,0.66,0.68175,0.56765
0.22,0.68,0.6601,0.5475
0.22,0.7,0.6738,0.5555
0.22,0.72,0.6733,0.5473
0.22,0.74,0.68945,0.55295
0.22,0.76,0.67655,0.5581
0.22,0.78,0.6696,0.5582
0.22,0.8,0.66965,0.55525
0.22,0.82,0.67275,0.5414
0.22,0.84,0.6554,0.56915
0.22,0.86,0.6826,0.5538
0.22,0.88,0.67655,0.5597
0.22,0.9,0.65235,0.55535
0.22,0.92,0.68285,0.5332
0.22,0.94,0.68615,0.529
0.22,0.96,0.67545,0.5633
0.22,0.98,0.6701,0.5581
0.22,1,0.6582,0.5534
0.24,0.02,0.66905,0.55015
0.24,0.04,0.66515,0.5647
0.24,0.06,0.6649,0.53395
0.24,0.08,0.6718,0.54215
0.24,0.1,0.64995,0.5551
0.24,0.12,0.69295,0.52875
0.24,0.14,0.68245,0.54185
0.24,0.16,0.6663,0.55435
0.24,0.18,0.66655,0.57095
0.24,0.2,0.67365,0.5564
0.24,0.22,0.6655,0.54665
0.24,0.24,0.6615,0.5523
0.24,0.26,0.6701,0.55465
0.24,0.28,0.66515,0.54935
0.24,0.3,0.65675,0.55985
0.24,0.32,0.6682,0.53995
0.24,0.34,0.6703,0.53885
0.24,0.36,0.6712,0.5405
0.24,0.38,0.66935,0.5492
0.24,0.4,0.6719,0.55645
0.24,0.42,0.6591,0.56965
0.24,0.44,0.674,0.5694
0.24,0.46,0.6731,0.5601
0.24,0.48,0.67575,0.5561
0.24,0.5,0.6691,0.5342
0.24,0.52,0.6654,0.5535
0.24,0.54,0.6659,0.5611
0.24,0.56,0.6679,0.55365
0.24,0.58,0.66495,0.5602
0.24,0.6,0.66865,0.56815
0.24,0.62,0.6684,0.55835
0.24,0.64,0.6634,0.55115
0.24,0.66,0.6703,0.55975
0.24,0.68,0.6668,0.56335
0.24,0.7,0.68555,0.54635
0.24,0.72,0.66665,0.54135
0.24,0.74,0.65815,0.5529
0.24,0.76,0.67645,0.53075
0.24,0.78,0.6718,0.54945
0.24,0.8,0.67065,0.55665
0.24,0.82,0.666,0.54705
0.24,0.84,0.6647,0.54595
0.24,0.86,0.6702,0.55705
0.24,0.88,0.678,0.54945
0.24,0.9,0.66845,0.5546
0.24,0.92,0.6654,0.563
0.24,0.94,0.6613,0.56755
0.24,0.96,0.67785,0.53635
0.24,0.98,0.6663,0.56085
0.24,1,0.65335,0.55105
0.26,0.02,0.6644,0.54545
0.26,0.04,0.67065,0.5357
0.26,0.06,0.64465,0.56485
0.26,0.08,0.67525,0.5476
0.26,0.1,0.66375,0.55555
0.26,0.12,0.66355,0.5605
0.26,0.14,0.674,0.54575
0.26,0.16,0.66735,0.55115
0.26,0.18,0.6549,0.5591
0.26,0.2,0.65525,0.56945
0.26,0.22,0.66815,0.5472
0.26,0.24,0.6521,0.5619
0.26,0.26,0.6316,0.5632
0.26,0.28,0.6563,0.5479
0.26,0.3,0.6776,0.55675
0.26,0.32,0.6617,0.53835
0.26,0.34,0.6844,0.5548
0.26,0.36,0.6608,0.5472
0.26,0.38,0.6927,0.54685
0.26,0.4,0.66075,0.56845
0.26,0.42,0.6722,0.54865
0.26,0.44,0.6756,0.54505
0.26,0.46,0.6423,0.5712
0.26,0.48,0.65755,0.54155
0.26,0.5,0.656,0.56105
0.26,0.52,0.6563,0.56165
0.26,0.54,0.6665,0.54075
0.26,0.56,0.67605,0.5584
0.26,0.58,0.6688,0.55515
0.26,0.6,0.6469,0.5509
0.26,0.62,0.665,0.53895
0.26,0.64,0.6595,0.55275
0.26,0.66,0.6623,0.55725
0.26,0.68,0.666,0.5508
0.26,0.7,0.66885,0.5561
0.26,0.72,0.66975,0.5586
0.26,0.74,0.6768,0.54335
0.26,0.76,0.66605,0.55155
0.26,0.78,0.67725,0.5393
0.26,0.8,0.66925,0.5373
0.26,0.82,0.6605,0.5596
0.26,0.84,0.6593,0.55475
0.26,0.86,0.65635,0.56425
0.26,0.88,0.65805,0.5534
0.26,0.9,0.6702,0.5499
0.26,0.92,0.6653,0.5495
0.26,0.94,0.65785,0.5707
0.26,0.96,0.65425,0.55625
0.26,0.98,0.6504,0.55595
0.26,1,0.6745,0.5625
0.28,0.02,0.6583,0.5499
0.28,0.04,0.6625,0.53515
0.28,0.06,0.669,0.53905
0.28,0.08,0.6517,0.54895
0.28,0.1,0.66385,0.55395
0.28,0.12,0.66775,0.55175
0.28,0.14,0.64595,0.5517
0.28,0.16,0.64995,0.546
0.28,0.18,0.6483,0.5553
0.28,0.2,0.6521,0.5527
0.28,0.22,0.665,0.5632
0.28,0.24,0.65635,0.543
0.28,0.26,0.6661,0.5636
0.28,0.28,0.6596,0.53415
0.28,0.3,0.66415,0.5362
0.28,0.32,0.65495,0.5598
0.28,0.34,0.6754,0.5521
0.28,0.36,0.6676,0.5491
0.28,0.38,0.6612,0.5383
0.28,0.4,0.6648,0.55665
0.28,0.42,0.6626,0.56535
0.28,0.44,0.6592,0.5355
0.28,0.46,0.6856,0.5336
0.28,0.48,0.6641,0.54115
0.28,0.5,0.66285,0.5551
0.28,0.52,0.66,0.55605
0.28,0.54,0.65405,0.5506
0.28,0.56,0.66025,0.53605
0.28,0.58,0.66835,0.53175
0.28,0.6,0.6588,0.56725
0.28,0.62,0.664,0.563
0.28,0.64,0.6578,0.5523
0.28,0.66,0.6721,0.5572
0.28,0.68,0.64715,0.5481
0.28,0.7,0.6629,0.54435
0.28,0.72,0.66255,0.5381
0.28,0.74,0.64785,0.55875
0.28,0.76,0.68455,0.5377
0.28,0.78,0.66845,0.54475
0.28,0.8,0.6569,0.5352
0.28,0.82,0.65945,0.5487
0.28,0.84,0.65875,0.5602
0.28,0.86,0.66975,0.55445
0.28,0.88,0.657,0.54685
0.28,0.9,0.6666,0.5467
0.28,0.92,0.68435,0.54405
0.28,0.94,0.6773,0.543
0.28,0.96,0.65815,0.555
0.28,0.98,0.65685,0.56195
0.28,1,0.6621,0.5557
0.3,0.02,0.65065,0.54915
0.3,0.04,0.67525,0.53885
0.3,0.06,0.6656,0.5401
0.3,0.08,0.6638,0.5504
0.3,0.1,0.6613,0.56265
0.3,0.12,0.66355,0.56395
0.3,0.14,0.6565,0.5313
0.3,0.16,0.66655,0.55045
0.3,0.18,0.66355,0.55285
0.3,0.2,0.6604,0.53955
0.3,0.22,0.6734,0.52835
0.3,0.24,0.65885,0.5322
0.3,0.26,0.6596,0.5595
0.3,0.28,0.6647,0.53965
0.3,0.3,0.6566,0.55205
0.3,0.32,0.6513,0.5425
0.3,0.34,0.6482,0.5564
0.3,0.36,0.6814,0.5539
0.3,0.38,0.6728,0.5487
0.3,0.4,0.67005,0.53875
0.3,0.42,0.6597,0.5632
0.3,0.44,0.6623,0.53185
0.3,0.46,0.6512,0.547
0.3,0.48,0.6544,0.5669
0.3,0.5,0.649,0.55545
0.3,0.52,0.6667,0.5542
0.3,0.54,0.66475,0.5382
0.3,0.56,0.6576,0.5465
0.3,0.58,0.66065,0.55665
0.3,0.6,0.6685,0.5381
0.3,0.62,0.6373,0.5458
0.3,0.64,0.65865,0.55245
0.3,0.66,0.6639,0.52485
0.3,0.68,0.66265,0.55065
0.3,0.7,0.6487,0.5554
0.3,0.72,0.6762,0.53665
0.3,0.74,0.65695,0.5484
0.3,0.76,0.6793,0.557
0.3,0.78,0.66485,0.5335
0.3,0.8,0.6666,0.54645
0.3,0.82,0.653,0.55855
0.3,0.84,0.6628,0.53305
0.3,0.86,0.6497,0.5442
0.3,0.88,0.665,0.565
0.3,0.9,0.6689,0.5439
0.3,0.92,0.6611,0.5507
0.3,0.94,0.672,0.5546
0.3,0.96,0.6564,0.55855
0.3,0.98,0.65695,0.5311
0.3,1,0.6573,0.5464
0.32,0.02,0.66315,0.5435
0.32,0.04,0.6529,0.5472
0.32,0.06,0.66035,0.5369
0.32,0.08,0.66025,0.5437
0.32,0.1,0.64125,0.5423
0.32,0.12,0.6689,0.54665
0.32,0.14,0.6567,0.54115
0.32,0.16,0.6517,0.5409
0.32,0.18,0.65545,0.5277
0.32,0.2,0.6723,0.5521
0.32,0.22,0.64455,0.54495
0.32,0.24,0.6688,0.54335
0.32,0.26,0.65955,0.5589
0.32,0.28,0.65415,0.55665
0.32,0.3,0.66775,0.5407
0.32,0.32,0.66195,0.55715
0.32,0.34,0.66255,0.5372
0.32,0.36,0.67575,0.54955
0.32,0.38,0.651,0.54565
0.32,0.4,0.6659,0.51835
0.32,0.42,0.6849,0.5475
0.32,0.44,0.6583,0.54465
0.32,0.46,0.64865,0.55555
0.32,0.48,0.6664,0.55265
0.32,0.5,0.67495,0.5431
0.32,0.52,0.66615,0.5463
0.32,0.54,0.6527,0.5595
0.32,0.56,0.6581,0.5453
0.32,0.58,0.6584,0.5525
0.32,0.6,0.6808,0.5433
0.32,0.62,0.6564,0.55615
0.32,0.64,0.67335,0.5245
0.32,0.66,0.65795,0.54305
0.32,0.68,0.6602,0.55165
0.32,0.7,0.6561,0.5408
0.32,0.72,0.67015,0.5487
0.32,0.74,0.6396,0.54895
0.32,0.76,0.6568,0.54765
0.32,0.78,0.66955,0.54095
0.32,0.8,0.6748,0.53795
0.32,0.82,0.64445,0.54375
0.32,0.84,0.6587,0.53615
0.32,0.86,0.66495,0.55535
0.32,0.88,0.64845,0.54685
0.32,0.9,0.6492,0.5599
0.32,0.92,0.63655,0.55855
0.32,0.94,0.66945,0.5353
0.32,0.96,0.65815,0.54895
0.32,0.98,0.6643,0.5387
0.32,1,0.6615,0.56355
0.34,0.02,0.66195,0.52465
0.34,0.04,0.66485,0.549
0.34,0.06,0.66765,0.5313
0.34,0.08,0.6658,0.5549
0.34,0.1,0.6645,0.54245
0.34,0.12,0.6621,0.523
0.34,0.14,0.65005,0.55085
0.34,0.16,0.6513,0.54665
0.34,0.18,0.66735,0.5261
0.34,0.2,0.67165,0.53595
0.34,0.22,0.64535,0.5356
0.34,0.24,0.65595,0.52645
0.34,0.26,0.6468,0.54775
0.34,0.28,0.64805,0.5625
0.34,0.3,0.64705,0.54315
0.34,0.32,0.65455,0.5384
0.34,0.34,0.67345,0.54825
0.34,0.36,0.64715,0.5479
0.34,0.38,0.64725,0.55505
0.34,0.4,0.6552,0.54005
0.34,0.42,0.6641,0.5533
0.34,0.44,0.6619,0.54165
0.34,0.46,0.6641,0.54175
0.34,0.48,0.6387,0.5473
0.34,0.5,0.6508,0.53445
0.34,0.52,0.6516,0.536
0.34,0.54,0.66365,0.53365
0.34,0.56,0.658,0.5287
0.34,0.58,0.6502,0.5462
0.34,0.6,0.65525,0.5521
0.34,0.62,0.6401,0.55565
0.34,0.64,0.6555,0.54445
0.34,0.66,0.6656,0.5366
0.34,0.68,0.6646,0.5284
0.34,0.7,0.66315,0.54765
0.34,0.72,0.65445,0.56135
0.34,0.74,0.6538,0.5466
0.34,0.76,0.655,0.5369
0.34,0.78,0.6437,0.5709
0.34,0.8,0.64285,0.54085
0.34,0.82,0.64475,0.53765
0.34,0.84,0.65405,0.565
0.34,0.86,0.6639,0.53665
0.34,0.88,0.6663,0.5363
0.34,0.9,0.65595,0.5418
0.34,0.92,0.64805,0.54625
0.34,0.94,0.6418,0.53565
0.34,0.96,0.6613,0.5384
0.34,0.98,0.66245,0.5454
0.34,1,0.6633,0.5265
0.36,0.02,0.65755,0.5389
0.36,0.04,0.64175,0.53975
0.36,0.06,0.65145,0.5469
0.36,0.08,0.65695,0.53995
0.36,0.1,0.6425,0.5421
0.36,0.12,0.6461,0.5375
0.36,0.14,0.64105,0.5412
0.36,0.16,0.6538,0.54525
0.36,0.18,0.64375,0.53135
0.36,0.2,0.6354,0.55135
0.36,0.22,0.6613,0.54275
0.36,0.24,0.655,0.54375
0.36,0.26,0.66075,0.52815
0.36,0.28,0.65175,0.5598
0.36,0.3,0.64125,0.5439
0.36,0.32,0.65475,0.52995
0.36,0.34,0.67025,0.53935
0.36,0.36,0.66085,0.55045
0.36,0.38,0.66285,0.53985
0.36,0.4,0.6591,0.52745
0.36,0.42,0.65815,0.56045
0.36,0.44,0.6619,0.54965
0.36,0.46,0.66245,0.54735
0.36,0.48,0.648,0.5553
0.36,0.5,0.66175,0.5542
0.36,0.52,0.66145,0.54165
0.36,0.54,0.6533,0.5362
0.36,0.56,0.65915,0.529
0.36,0.58,0.658,0.5362
0.36,0.6,0.654,0.55905
0.36,0.62,0.66135,0.5274
0.36,0.64,0.668,0.5181
0.36,0.66,0.6506,0.5459
0.36,0.68,0.65085,0.5633
0.36,0.7,0.66805,0.53215
0.36,0.72,0.66445,0.55355
0.36,0.74,0.6528,0.5212
0.36,0.76,0.644,0.5363
0.36,0.78,0.66895,0.5291
0.36,0.8,0.6549,0.542
0.36,0.82,0.6677,0.52615
0.36,0.84,0.66105,0.54405
0.36,0.86,0.66025,0.5214
0.36,0.88,0.66255,0.5387
0.36,0.9,0.65835,0.5524
0.36,0.92,0.65175,0.52125
0.36,0.94,0.6628,0.5522
0.36,0.96,0.6588,0.5507
0.36,0.98,0.6564,0.5305
0.36,1,0.65895,0.5286
0.38,0.02,0.6425,0.5427
0.38,0.04,0.6621,0.53255
0.38,0.06,0.6526,0.5436
0.38,0.08,0.64815,0.54415
0.38,0.1,0.6698,0.5392
0.38,0.12,0.65015,0.5405
0.38,0.14,0.65225,0.54595
0.38,0.16,0.6458,0.5295
0.38,0.18,0.67715,0.52635
0.38,0.2,0.6495,0.53655
0.38,0.22,0.6442,0.54325
0.38,0.24,0.6479,0.5329
0.38,0.26,0.63965,0.54175
0.38,0.28,0.64435,0.54645
0.38,0.3,0.64665,0.53365
0.38,0.32,0.6523,0.5416
0.38,0.34,0.64825,0.5305
0.38,0.36,0.66325,0.5474
0.38,0.38,0.6548,0.5376
0.38,0.4,0.6615,0.53395
0.38,0.42,0.66015,0.5497
0.38,0.44,0.6515,0.5269
0.38,0.46,0.6449,0.5411
0.38,0.48,0.653,0.53855
0.38,0.5,0.65465,0.5113
0.38,0.52,0.65055,0.5389
0.38,0.54,0.647,0.5455
0.38,0.56,0.6544,0.55395
0.38,0.58,0.65415,0.5444
0.38,0.6,0.64555,0.54155
0.38,0.62,0.64545,0.5504
0.38,0.64,0.6573,0.53395
0.38,0.66,0.673,0.5372
0.38,0.68,0.6693,0.5378
0.38,0.7,0.637,0.548
0.38,0.72,0.65815,0.519
0.38,0.74,0.65005,0.55425
0.38,0.76,0.64235,0.5496
0.38,0.78,0.6458,0.54475
0.38,0.8,0.6575,0.5228
0.38,0.82,0.6556,0.5327
0.38,0.84,0.6535,0.54235
0.38,0.86,0.6484,0.54395
0.38,0.88,0.6512,0.5496
0.38,0.9,0.6574,0.54135
0.38,0.92,0.6574,0.53
0.38,0.94,0.65335,0.5374
0.38,0.96,0.67665,0.5458
0.38,0.98,0.662,0.52785
0.38,1,0.6705,0.533
0.4,0.02,0.659,0.5321
0.4,0.04,0.6407,0.53995
0.4,0.06,0.6545,0.53505
0.4,0.08,0.6509,0.52395
0.4,0.1,0.649,0.54045
0.4,0.12,0.64795,0.54215
0.4,0.14,0.6601,0.5344
0.4,0.16,0.63385,0.54715
0.4,0.18,0.64605,0.52825
0.4,0.2,0.6562,0.53375
0.4,0.22,0.66315,0.54035
0.4,0.24,0.6452,0.5306
0.4,0.26,0.644,0.55185
0.4,0.28,0.6401,0.53045
0.4,0.3,0.6568,0.5366
0.4,0.32,0.6448,0.5323
0.4,0.34,0.6497,0.52865
0.4,0.36,0.6433,0.5445
0.4,0.38,0.63455,0.5123
0.4,0.4,0.65585,0.5477
0.4,0.42,0.64435,0.54115
0.4,0.44,0.6547,0.5318
0.4,0.46,0.6585,0.5339
0.4,0.48,0.67005,0.52365
0.4,0.5,0.6542,0.52605
0.4,0.52,0.65125,0.53365
0.4,0.54,0.64145,0.53985
0.4,0.56,0.64245,0.53735
0.4,0.58,0.65485,0.543
0.4,0.6,0.6414,0.5341
0.4,0.62,0.6398,0.5494
0.4,0.64,0.6462,0.5286
0.4,0.66,0.65525,0.5266
0.4,0.68,0.6533,0.5343
0.4,0.7,0.65985,0.51815
0.4,0.72,0.656,0.5312
0.4,0.74,0.65555,0.54705
0.4,0.76,0.65135,0.5388
0.4,0.78,0.64785,0.5231
0.4,0.8,0.6487,0.53505
0.4,0.82,0.65365,0.5568
0.4,0.84,0.65505,0.5499
0.4,0.86,0.6553,0.5317
0.4,0.88,0.66145,0.5216
0.4,0.9,0.6511,0.5336
0.4,0.92,0.65395,0.5296
0.4,0.94,0.65035,0.54375
0.4,0.96,0.65695,0.5187
0.4,0.98,0.637,0.5577
0.4,1,0.6654,0.5407
0.42,0.02,0.64915,0.5285
0.42,0.04,0.63645,0.5399
0.42,0.06,0.6467,0.53785
0.42,0.08,0.64345,0.5428
0.42,0.1,0.6402,0.53195
0.42,0.12,0.6359,0.5269
0.42,0.14,0.64555,0.5304
0.42,0.16,0.63025,0.5186
0.42,0.18,0.6535,0.5573
0.42,0.2,0.6379,0.5508
0.42,0.22,0.6497,0.5225
0.42,0.24,0.6639,0.5131
0.42,0.26,0.66375,0.53635
0.42,0.28,0.656,0.5438
0.42,0.3,0.64885,0.5214
0.42,0.32,0.64545,0.5312
0.42,0.34,0.65755,0.55165
0.42,0.36,0.64535,0.51015
0.42,0.38,0.65345,0.54055
0.42,0.4,0.6591,0.54585
0.42,0.42,0.64895,0.5291
0.42,0.44,0.65395,0.501
0.42,0.46,0.6478,0.5462
0.42,0.48,0.63475,0.53745
0.42,0.5,0.6399,0.53195
0.42,0.52,0.63585,0.53895
0.42,0.54,0.64675,0.5481
0.42,0.56,0.6359,0.5381
0.42,0.58,0.65315,0.53665
0.42,0.6,0.65555,0.53135
0.42,0.62,0.641,0.55075
0.42,0.64,0.64845,0.5387
0.42,0.66,0.64815,0.51365
0.42,0.68,0.645,0.534
0.42,0.7,0.65865,0.54805
0.42,0.72,0.6548,0.5349
0.42,0.74,0.6552,0.5324
0.42,0.76,0.66715,0.5087
0.42,0.78,0.6477,0.53685
0.42,0.8,0.65105,0.55985
0.42,0.82,0.6612,0.544
0.42,0.84,0.65775,0.5139
0.42,0.86,0.65605,0.53745
0.42,0.88,0.65855,0.51295
0.42,0.9,0.64755,0.5509
0.42,0.92,0.6694,0.52475
0.42,0.94,0.66005,0.53765
0.42,0.96,0.6412,0.54455
0.42,0.98,0.64235,0.5333
0.42,1,0.6421,0.5319
0.44,0.02,0.64315,0.52275
0.44,0.04,0.636,0.536
0.44,0.06,0.6493,0.53755
0.44,0.08,0.66205,0.5186
0.44,0.1,0.63425,0.52765
0.44,0.12,0.6508,0.52955
0.44,0.14,0.64005,0.5277
0.44,0.16,0.63365,0.5472
0.44,0.18,0.628,0.5341
0.44,0.2,0.6546,0.5023
0.44,0.22,0.65055,0.52445
0.44,0.24,0.6497,0.52535
0.44,0.26,0.65385,0.5432
0.44,0.28,0.64395,0.5409
0.44,0.3,0.64455,0.52765
0.44,0.32,0.65115,0.5253
0.44,0.34,0.6511,0.51785
0.44,0.36,0.62705,0.55715
0.44,0.38,0.6432,0.5259
0.44,0.4,0.64005,0.5245
0.44,0.42,0.62975,0.54345
0.44,0.44,0.6609,0.5148
0.44,0.46,0.6393,0.53475
0.44,0.48,0.6595,0.52795
0.44,0.5,0.6394,0.5388
0.44,0.52,0.64485,0.5398
0.44,0.54,0.6533,0.53825
0.44,0.56,0.64565,0.5157
0.44,0.58,0.64165,0.53215
0.44,0.6,0.648,0.52585
0.44,0.62,0.6442,0.54175
0.44,0.64,0.63005,0.5466
0.44,0.66,0.65255,0.54235
0.44,0.68,0.65835,0.5396
0.44,0.7,0.65465,0.5271
0.44,0.72,0.65165,0.50695
0.44,0.74,0.6495,0.534
0.44,0.76,0.6389,0.52785
0.44,0.78,0.6412,0.5383
0.44,0.8,0.6588,0.52155
0.44,0.82,0.64585,0.54455
0.44,0.84,0.65665,0.52925
0.44,0.86,0.6467,0.5334
0.44,0.88,0.65135,0.52195
0.44,0.9,0.6531,0.52495
0.44,0.92,0.6497,0.528
0.44,0.94,0.6594,0.525
0.44,0.96,0.634,0.53005
0.44,0.98,0.6502,0.528
0.44,1,0.63875,0.5148
0.46,0.02,0.65715,0.51435
0.46,0.04,0.66455,0.51355
0.46,0.06,0.6553,0.523
0.46,0.08,0.64915,0.523
0.46,0.1,0.637,0.5304
0.46,0.12,0.6368,0.5351
0.46,0.14,0.6492,0.51995
0.46,0.16,0.6603,0.5173
0.46,0.18,0.6486,0.5265
0.46,0.2,0.6297,0.53355
0.46,0.22,0.6298,0.5313
0.46,0.24,0.64905,0.5171
0.46,0.26,0.6354,0.52415
0.46,0.28,0.6373,0.53285
0.46,0.3,0.6439,0.5277
0.46,0.32,0.6479,0.5364
0.46,0.34,0.6302,0.5174
0.46,0.36,0.6386,0.52055
0.46,0.38,0.6309,0.5184
0.46,0.4,0.6556,0.5244
0.46,0.42,0.63145,0.5314
0.46,0.44,0.6426,0.5348
0.46,0.46,0.6525,0.5352
0.46,0.48,0.6445,0.5307
0.46,0.5,0.6393,0.5354
0.46,0.52,0.6348,0.5185
0.46,0.54,0.63085,0.5217
0.46,0.56,0.6343,0.532
0.46,0.58,0.64075,0.54085
0.46,0.6,0.6306,0.526
0.46,0.62,0.63365,0.5193
0.46,0.64,0.64125,0.51845
0.46,0.66,0.6364,0.5157
0.46,0.68,0.6232,0.52105
0.46,0.7,0.64665,0.52615
0.46,0.72,0.63295,0.52695
0.46,0.74,0.6443,0.51355
0.46,0.76,0.6369,0.52015
0.46,0.78,0.6305,0.54825
0.46,0.8,0.6532,0.52945
0.46,0.82,0.6453,0.52955
0.46,0.84,0.65665,0.5446
0.46,0.86,0.6405,0.52705
0.46,0.88,0.63405,0.52555
0.46,0.9,0.64495,0.54765
0.46,0.92,0.6512,0.5253
0.46,0.94,0.6527,0.52705
0.46,0.96,0.652,0.51965
0.46,0.98,0.65435,0.5146
0.46,1,0.6438,0.54175
0.48,0.02,0.6176,0.55105
0.48,0.04,0.64285,0.51505
0.48,0.06,0.6332,0.53165
0.48,0.08,0.6293,0.5323
0.48,0.1,0.6488,0.5112
0.48,0.12,0.6346,0.54195
0.48,0.14,0.64175,0.5176
0.48,0.16,0.64675,0.51905
0.48,0.18,0.6411,0.52145
0.48,0.2,0.63715,0.5376
0.48,0.22,0.6297,0.507
0.48,0.24,0.63935,0.5254
0.48,0.26,0.63745,0.52445
0.48,0.28,0.629,0.50915
0.48,0.3,0.6328,0.52805
0.48,0.32,0.65325,0.5378
0.48,0.34,0.63165,0.51635
0.48,0.36,0.63695,0.53645
0.48,0.38,0.64525,0.5374
0.48,0.4,0.63295,0.5308
0.48,0.42,0.64835,0.5174
0.48,0.44,0.644,0.5481
0.48,0.46,0.636,0.52385
0.48,0.48,0.64015,0.53095
0.48,0.5,0.6314,0.5269
0.48,0.52,0.6529,0.5358
0.48,0.54,0.6216,0.52055
0.48,0.56,0.6252,0.53255
0.48,0.58,0.6282,0.54885
0.48,0.6,0.64075,0.5269
0.48,0.62,0.635,0.5344
0.48,0.64,0.6513,0.5127
0.48,0.66,0.6344,0.53815
0.48,0.68,0.643,0.51725
0.48,0.7,0.64615,0.53805
0.48,0.72,0.6419,0.5323
0.48,0.74,0.63665,0.49845
0.48,0.76,0.6473,0.5244
0.48,0.78,0.63635,0.5366
0.48,0.8,0.64155,0.52995
0.48,0.82,0.64065,0.53095
0.48,0.84,0.64745,0.5159
0.48,0.86,0.62435,0.52445
0.48,0.88,0.641,0.532
0.48,0.9,0.6407,0.52445
0.48,0.92,0.6359,0.52525
0.48,0.94,0.6493,0.52355
0.48,0.96,0.627,0.52205
0.48,0.98,0.6368,0.52015
0.48,1,0.64115,0.5362
0.5,0.02,0.62715,0.5138
0.5,0.04,0.64305,0.51795
0.5,0.06,0.6341,0.5296
0.5,0.08,0.6456,0.5327
0.5,0.1,0.6364,0.5281
0.5,0.12,0.6369,0.5286
0.5,0.14,0.6327,0.5328
0.5,0.16,0.65225,0.5212
0.5,0.18,0.64755,0.5219
0.5,0.2,0.65565,0.53315
0.5,0.22,0.6347,0.53135
0.5,0.24,0.64535,0.52465
0.5,0.26,0.6236,0.5306
0.5,0.28,0.64885,0.5401
0.5,0.3,0.63355,0.53725
0.5,0.32,0.6359,0.53775
0.5,0.34,0.62845,0.5476
0.5,0.36,0.64065,0.5285
0.5,0.38,0.6375,0.5204
0.5,0.4,0.64415,0.50815
0.5,0.42,0.65115,0.50755
0.5,0.44,0.63055,0.5244
0.5,0.46,0.65285,0.51825
0.5,0.48,0.631,0.5239
0.5,0.5,0.6486,0.5246
0.5,0.52,0.644,0.51755
0.5,0.54,0.6383,0.5319
0.5,0.56,0.6283,0.5216
0.5,0.58,0.63895,0.51615
0.5,0.6,0.63415,0.53495
0.5,0.62,0.63835,0.53095
0.5,0.64,0.6399,0.49755
0.5,0.66,0.64885,0.53425
0.5,0.68,0.64935,0.53705
0.5,0.7,0.6382,0.51975
0.5,0.72,0.62875,0.5235
0.5,0.74,0.62615,0.5288
0.5,0.76,0.6447,0.52805
0.5,0.78,0.64615,0.514
0.5,0.8,0.6414,0.52145
0.5,0.82,0.6376,0.5376
0.5,0.84,0.6395,0.5257
0.5,0.86,0.65275,0.52915
0.5,0.88,0.6433,0.4994
0.5,0.9,0.63365,0.52785
0.5,0.92,0.6469,0.5042
0.5,0.94,0.6395,0.526
0.5,0.96,0.62515,0.5147
0.5,0.98,0.6543,0.5221
0.5,1,0.6505,0.5371
0.52,0.02,0.63875,0.5118
0.52,0.04,0.62705,0.51465
0.52,0.06,0.625,0.491
0.52,0.08,0.6231,0.51465
0.52,0.1,0.6211,0.51855
0.52,0.12,0.6258,0.52375
0.52,0.14,0.6419,0.54245
0.52,0.16,0.6366,0.5283
0.52,0.18,0.63455,0.5346
0.52,0.2,0.63775,0.51835
0.52,0.22,0.62545,0.52035
0.52,0.24,0.64285,0.52305
0.52,0.26,0.6402,0.5273
0.52,0.28,0.63095,0.51895
0.52,0.3,0.64565,0.521
0.52,0.32,0.6324,0.5292
0.52,0.34,0.6463,0.5257
0.52,0.36,0.63435,0.5162
0.52,0.38,0.6312,0.527
0.52,0.4,0.63555,0.52095
0.52,0.42,0.64615,0.52195
0.52,0.44,0.654,0.50455
0.52,0.46,0.62575,0.53085
0.52,0.48,0.6176,0.5258
0.52,0.5,0.63045,0.5289
0.52,0.52,0.6388,0.5107
0.52,0.54,0.62465,0.5176
0.52,0.56,0.62395,0.52515
0.52,0.58,0.63515,0.50235
0.52,0.6,0.6194,0.54035
0.52,0.62,0.64475,0.4944
0.52,0.64,0.6364,0.51665
0.52,0.66,0.6318,0.5321
0.52,0.68,0.6572,0.5286
0.52,0.7,0.6513,0.52025
0.52,0.72,0.6258,0.50965
0.52,0.74,0.61405,0.52615
0.52,0.76,0.6193,0.5305
0.52,0.78,0.6448,0.5202
0.52,0.8,0.6393,0.5091
0.52,0.82,0.6304,0.53355
0.52,0.84,0.62295,0.53245
0.52,0.86,0.63145,0.5116
0.52,0.88,0.64385,0.5254
0.52,0.9,0.6385,0.5194
0.52,0.92,0.6295,0.5268
0.52,0.94,0.6471,0.5257
0.52,0.96,0.64885,0.53635
0.52,0.98,0.6284,0.52915
0.52,1,0.6524,0.51275
0.54,0.02,0.6254,0.5268
0.54,0.04,0.62335,0.5234
0.54,0.06,0.6218,0.51725
0.54,0.08,0.6253,0.51915
0.54,0.1,0.61615,0.5182
0.54,0.12,0.63155,0.49725
0.54,0.14,0.63435,0.5367
0.54,0.16,0.6348,0.52135
0.54,0.18,0.6338,0.51555
0.54,0.2,0.6406,0.50205
0.54,0.22,0.63545,0.51185
0.54,0.24,0.62605,0.53715
0.54,0.26,0.6237,0.49245
0.54,0.28,0.63795,0.4984
0.54,0.3,0.6476,0.5063
0.54,0.32,0.64265,0.53525
0.54,0.34,0.63045,0.51155
0.54,0.36,0.64355,0.5225
0.54,0.38,0.637,0.5245
0.54,0.4,0.6197,0.52745
0.54,0.42,0.62605,0.5123
0.54,0.44,0.61825,0.5189
0.54,0.46,0.6184,0.5252
0.54,0.48,0.633,0.53305
0.54,0.5,0.6324,0.5089
0.54,0.52,0.62895,0.52355
0.54,0.54,0.62975,0.5257
0.54,0.56,0.6253,0.532
0.54,0.58,0.62555,0.52845
0.54,0.6,0.6469,0.53025
0.54,0.62,0.63055,0.50345
0.54,0.64,0.636,0.5239
0.54,0.66,0.6304,0.51995
0.54,0.68,0.63585,0.53075
0.54,0.7,0.64965,0.5119
0.54,0.72,0.6405,0.523
0.54,0.74,0.6203,0.52465
0.54,0.76,0.63895,0.4961
0.54,0.78,0.63915,0.50025
0.54,0.8,0.63995,0.524
0.54,0.82,0.64545,0.52105
0.54,0.84,0.6196,0.51865
0.54,0.86,0.6406,0.5169
0.54,0.88,0.6325,0.53395
0.54,0.9,0.6318,0.53525
0.54,0.92,0.62725,0.51175
0.54,0.94,0.6066,0.52
0.54,0.96,0.63605,0.5242
0.54,0.98,0.64255,0.5231
0.54,1,0.6313,0.51445
0.56,0.02,0.6375,0.5243
0.56,0.04,0.61225,0.5164
0.56,0.06,0.64255,0.5195
0.56,0.08,0.64225,0.53035
0.56,0.1,0.6273,0.5196
0.56,0.12,0.643,0.51105
0.56,0.14,0.6177,0.51835
0.56,0.16,0.631,0.5336
0.56,0.18,0.6068,0.5395
0.56,0.2,0.6318,0.50755
0.56,0.22,0.61895,0.52125
0.56,0.24,0.63315,0.5111
0.56,0.26,0.63035,0.52245
0.56,0.28,0.6349,0.50575
0.56,0.3,0.635,0.51325
0.56,0.32,0.6331,0.5089
0.56,0.34,0.63945,0.51885
0.56,0.36,0.649,0.49855
0.56,0.38,0.63425,0.5114
0.56,0.4,0.64075,0.50975
0.56,0.42,0.62205,0.51865
0.56,0.44,0.62995,0.526
0.56,0.46,0.62665,0.53485
0.56,0.48,0.63805,0.49765
0.56,0.5,0.62005,0.53645
0.56,0.52,0.62925,0.504
0.56,0.54,0.64325,0.52775
0.56,0.56,0.63895,0.5025
0.56,0.58,0.624,0.51365
0.56,0.6,0.6352,0.52175
0.56,0.62,0.6419,0.5069
0.56,0.64,0.636,0.51125
0.56,0.66,0.6314,0.51855
0.56,0.68,0.64325,0.49365
0.56,0.7,0.6282,0.52025
0.56,0.72,0.6276,0.5213
0.56,0.74,0.6281,0.5241
0.56,0.76,0.6315,0.5363
0.56,0.78,0.64575,0.5255
0.56,0.8,0.62755,0.5085
0.56,0.82,0.64295,0.52455
0.56,0.84,0.63345,0.50065
0.56,0.86,0.64635,0.5171
0.56,0.88,0.6431,0.499
0.56,0.9,0.64115,0.5151
0.56,0.92,0.62595,0.52385
0.56,0.94,0.6205,0.5303
0.56,0.96,0.6309,0.522
0.56,0.98,0.6519,0.50995
0.56,1,0.62785,0.514
0.58,0.02,0.6358,0.5224
0.58,0.04,0.63505,0.53715
0.58,0.06,0.6433,0.4961
0.58,0.08,0.61625,0.5066
0.58,0.1,0.6416,0.50285
0.58,0.12,0.63405,0.5145
0.58,0.14,0.6388,0.5026
0.58,0.16,0.6257,0.5099
0.58,0.18,0.626,0.5241
0.58,0.2,0.63335,0.4866
0.58,0.22,0.6354,0.5074
0.58,0.24,0.61255,0.51205
0.58,0.26,0.63965,0.5064
0.58,0.28,0.6311,0.52195
0.58,0.3,0.6216,0.51705
0.58,0.32,0.62045,0.53755
0.58,0.34,0.6288,0.5269
0.58,0.36,0.63025,0.51585
0.58,0.38,0.63055,0.50935
0.58,0.4,0.6242,0.5049
0.58,0.42,0.6122,0.5174
0.58,0.44,0.63595,0.51385
0.58,0.46,0.63415,0.4915
0.58,0.48,0.6289,0.5234
0.58,0.5,0.63995,0.51345
0.58,0.52,0.6344,0.51135
0.58,0.54,0.6483,0.5135
0.58,0.56,0.64295,0.5164
0.58,0.58,0.61475,0.5128
0.58,0.6,0.61415,0.5042
0.58,0.62,0.6228,0.49975
0.58,0.64,0.6253,0.5076
0.58,0.66,0.628,0.50505
0.58,0.68,0.6246,0.52635
0.58,0.7,0.62705,0.5053
0.58,0.72,0.63765,0.5111
0.58,0.74,0.63845,0.5011
0.58,0.76,0.62155,0.5289
0.58,0.78,0.62205,0.51255
0.58,0.8,0.6504,0.5156
0.58,0.82,0.6363,0.50475
0.58,0.84,0.64715,0.51555
0.58,0.86,0.627,0.51075
0.58,0.88,0.64795,0.5137
0.58,0.9,0.6317,0.524
0.58,0.92,0.63305,0.5203
0.58,0.94,0.6265,0.51325
0.58,0.96,0.6287,0.51545
0.58,0.98,0.63095,0.51175
0.58,1,0.62845,0.51975
0.6,0.02,0.6036,0.5326
0.6,0.04,0.62975,0.51375
0.6,0.06,0.6313,0.53015
0.6,0.08,0.6268,0.52265
0.6,0.1,0.6299,0.51535
0.6,0.12,0.61615,0.5157
0.6,0.14,0.62215,0.50575
0.6,0.16,0.6293,0.5001
0.6,0.18,0.62845,0.5137
0.6,0.2,0.61075,0.51485
0.6,0.22,0.624,0.5086
0.6,0.24,0.6204,0.5054
0.6,0.26,0.61975,0.521
0.6,0.28,0.61225,0.5115
0.6,0.3,0.61505,0.5351
0.6,0.32,0.61475,0.51965
0.6,0.34,0.6224,0.5078
0.6,0.36,0.63125,0.51745
0.6,0.38,0.62595,0.49585
0.6,0.4,0.6268,0.5041
0.6,0.42,0.6321,0.50725
0.6,0.44,0.629,0.50985
0.6,0.46,0.61525,0.5073
0.6,0.48,0.63725,0.4984
0.6,0.5,0.62125,0.50425
0.6,0.52,0.62475,0.51625
0.6,0.54,0.6266,0.52145
0.6,0.56,0.62855,0.51355
0.6,0.58,0.6303,0.52345
0.6,0.6,0.61815,0.51045
0.6,0.62,0.63315,0.5094
0.6,0.64,0.62185,0.5053
0.6,0.66,0.6218,0.50195
0.6,0.68,0.6315,0.52825
0.6,0.7,0.6186,0.51195
0.6,0.72,0.6271,0.4974
0.6,0.74,0.6178,0.51045
0.6,0.76,0.6143,0.52085
0.6,0.78,0.61145,0.51655
0.6,0.8,0.61605,0.50975
0.6,0.82,0.6276,0.5169
0.6,0.84,0.61995,0.5234
0.6,0.86,0.62685,0.5213
0.6,0.88,0.6226,0.4864
0.6,0.9,0.6379,0.5241
0.6,0.92,0.61475,0.5084
0.6,0.94,0.6386,0.51385
0.6,0.96,0.62805,0.51055
0.6,0.98,0.6267,0.4994
0.6,1,0.6228,0.51695
0.62,0.02,0.6184,0.51195
0.62,0.04,0.6209,0.5107
0.62,0.06,0.61085,0.50145
0.62,0.08,0.6028,0.5288
0.62,0.1,0.61755,0.50495
0.62,0.12,0.6387,0.51885
0.62,0.14,0.62935,0.5128
0.62,0.16,0.6169,0.507
0.62,0.18,0.61955,0.53785
0.62,0.2,0.62225,0.5016
0.62,0.22,0.6286,0.51325
0.62,0.24,0.60555,0.52435
0.62,0.26,0.62705,0.51735
0.62,0.28,0.6381,0.51625
0.62,0.3,0.6242,0.50045
0.62,0.32,0.6243,0.5074
0.62,0.34,0.62145,0.5151
0.62,0.36,0.61435,0.5111
0.62,0.38,0.60585,0.52415
0.62,0.4,0.61155,0.5172
0.62,0.42,0.6352,0.48135
0.62,0.44,0.5921,0.52015
0.62,0.46,0.62485,0.50855
0.62,0.48,0.62125,0.51615
0.62,0.5,0.62115,0.4959
0.62,0.52,0.62535,0.49925
0.62,0.54,0.62245,0.5224
0.62,0.56,0.6175,0.5063
0.62,0.58,0.6261,0.5001
0.62,0.6,0.6164,0.51835
0.62,0.62,0.60845,0.5181
0.62,0.64,0.6312,0.49925
0.62,0.66,0.6287,0.5132
0.62,0.68,0.61895,0.50415
0.62,0.7,0.628,0.4893
0.62,0.72,0.6223,0.5157
0.62,0.74,0.63235,0.5223
0.62,0.76,0.61075,0.4989
0.62,0.78,0.6206,0.51115
0.62,0.8,0.62075,0.5161
0.62,0.82,0.63035,0.51195
0.62,0.84,0.6229,0.5021
0.62,0.86,0.6095,0.51545
0.62,0.88,0.61545,0.5273
0.62,0.9,0.63235,0.51525
0.62,0.92,0.6291,0.53345
0.62,0.94,0.6259,0.49815
0.62,0.96,0.6159,0.5114
0.62,0.98,0.6155,0.50945
0.62,1,0.63215,0.50545
0.64,0.02,0.60795,0.51065
0.64,0.04,0.63105,0.512
0.64,0.06,0.6149,0.50565
0.64,0.08,0.60975,0.4938
0.64,0.1,0.61505,0.5089
0.64,0.12,0.6198,0.5004
0.64,0.14,0.6293,0.4866
0.64,0.16,0.61765,0.51
0.64,0.18,0.6139,0.4941
0.64,0.2,0.6245,0.5004
0.64,0.22,0.61745,0.5276
0.64,0.24,0.62305,0.5027
0.64,0.26,0.6401,0.50155
0.64,0.28,0.61925,0.49225
0.64,0.3,0.60845,0.51015
0.64,0.32,0.61585,0.5067
0.64,0.34,0.617,0.4998
0.64,0.36,0.61125,0.50315
0.64,0.38,0.6267,0.50835
0.64,0.4,0.60275,0.49545
0.64,0.42,0.62265,0.50565
0.64,0.44,0.62195,0.51955
0.64,0.46,0.60835,0.5203
0.64,0.48,0.6215,0.50055
0.64,0.5,0.62605,0.513
0.64,0.52,0.6167,0.5128
0.64,0.54,0.6097,0.50305
0.64,0.56,0.62505,0.5239
0.64,0.58,0.61975,0.4972
0.64,0.6,0.62975,0.5116
0.64,0.62,0.62415,0.51195
0.64,0.64,0.6148,0.51245
0.64,0.66,0.60235,0.50705
0.64,0.68,0.6342,0.5146
0.64,0.7,0.6069,0.52215
0.64,0.72,0.61445,0.5114
0.64,0.74,0.6351,0.4937
0.64,0.76,0.6143,0.52005
0.64,0.78,0.6059,0.5097
0.64,0.8,0.6129,0.49795
0.64,0.82,0.60135,0.51365
0.64,0.84,0.61365,0.5116
0.64,0.86,0.60815,0.5247
0.64,0.88,0.6328,0.5069
0.64,0.9,0.61365,0.51005
0.64,0.92,0.62415,0.499
0.64,0.94,0.62735,0.5087
0.64,0.96,0.6355,0.51245
0.64,0.98,0.61905,0.5222
0.64,1,0.61095,0.51425
0.66,0.02,0.6123,0.50235
0.66,0.04,0.61365,0.4984
0.66,0.06,0.62785,0.506
0.66,0.08,0.62055,0.5138
0.66,0.1,0.6002,0.5177
0.66,0.12,0.63095,0.49475
0.66,0.14,0.6177,0.50815
0.66,0.16,0.62655,0.4956
0.66,0.18,0.62545,0.5134
0.66,0.2,0.63505,0.48275
0.66,0.22,0.61605,0.5082
0.66,0.24,0.6295,0.4864
0.66,0.26,0.61725,0.50825
0.66,0.28,0.6305,0.4909
0.66,0.3,0.6235,0.5063
0.66,0.32,0.6264,0.48825
0.66,0.34,0.6118,0.5164
0.66,0.36,0.6231,0.52205
0.66,0.38,0.6156,0.48165
0.66,0.4,0.6252,0.5074
0.66,0.42,0.6222,0.485
0.66,0.44,0.6277,0.49885
0.66,0.46,0.61675,0.4893
0.66,0.48,0.61675,0.49675
0.66,0.5,0.6023,0.52055
0.66,0.52,0.6188,0.4987
0.66,0.54,0.61685,0.51465
0.66,0.56,0.6322,0.50025
0.66,0.58,0.60365,0.51645
0.66,0.6,0.6327,0.50435
0.66,0.62,0.63515,0.516
0.66,0.64,0.6285,0.506
0.66,0.66,0.6133,0.49275
0.66,0.68,0.62865,0.49845
0.66,0.7,0.63225,0.5123
0.66,0.72,0.6055,0.5116
0.66,0.74,0.6188,0.507
0.66,0.76,0.6078,0.5105
0.66,0.78,0.6247,0.49295
0.66,0.8,0.61575,0.4984
0.66,0.82,0.6188,0.50815
0.66,0.84,0.6305,0.5166
0.66,0.86,0.61245,0.50515
0.66,0.88,0.62375,0.50365
0.66,0.9,0.60785,0.50445
0.66,0.92,0.6096,0.5249
0.66,0.94,0.6203,0.51055
0.66,0.96,0.61385,0.5147
0.66,0.98,0.60965,0.51875
0.66,1,0.6138,0.4878
0.68,0.02,0.6219,0.50225
0.68,0.04,0.61365,0.5066
0.68,0.06,0.60425,0.4895
0.68,0.08,0.61125,0.52045
0.68,0.1,0.6215,0.49245
0.68,0.12,0.63515,0.5011
0.68,0.14,0.6053,0.51895
0.68,0.16,0.6163,0.4986
0.68,0.18,0.62675,0.50915
0.68,0.2,0.6084,0.52295
0.68,0.22,0.6315,0.5015
0.68,0.24,0.60355,0.48095
0.68,0.26,0.6349,0.50355
0.68,0.28,0.6107,0.4914
0.68,0.3,0.6281,0.4755
0.68,0.32,0.60605,0.5104
0.68,0.34,0.6092,0.50335
0.68,0.36,0.6006,0.5016
0.68,0.38,0.60805,0.49865
0.68,0.4,0.63075,0.50355
0.68,0.42,0.62025,0.49615
0.68,0.44,0.61315,0.51595
0.68,0.46,0.60315,0.52615
0.68,0.48,0.61185,0.52345
0.68,0.5,0.61525,0.50115
0.68,0.52,0.6148,0.4823
0.68,0.54,0.6304,0.50485
0.68,0.56,0.62495,0.5054
0.68,0.58,0.61825,0.4987
0.68,0.6,0.6046,0.5085
0.68,0.62,0.61395,0.51865
0.68,0.64,0.61155,0.49175
0.68,0.66,0.6098,0.49185
0.68,0.68,0.61545,0.5021
0.68,0.7,0.61825,0.50615
0.68,0.72,0.61085,0.50585
0.68,0.74,0.60675,0.5157
0.68,0.76,0.6182,0.51495
0.68,0.78,0.6301,0.4985
0.68,0.8,0.617,0.50045
0.68,0.82,0.6103,0.51005
0.68,0.84,0.6241,0.5149
0.68,0.86,0.61345,0.4979
0.68,0.88,0.605,0.51575
0.68,0.9,0.61315,0.5023
0.68,0.92,0.5998,0.514
0.68,0.94,0.6267,0.5037
0.68,0.96,0.61945,0.4975
0.68,0.98,0.61775,0.5046
0.68,1,0.60935,0.518
0.7,0.02,0.6034,0.5095
0.7,0.04,0.60665,0.49495
0.7,0.06,0.61185,0.50315
0.7,0.08,0.61155,0.47395
0.7,0.1,0.613,0.49675
0.7,0.12,0.6108,0.49725
0.7,0.14,0.61825,0.4988
0.7,0.16,0.6069,0.50955
0.7,0.18,0.6031,0.51035
0.7,0.2,0.6153,0.5013
0.7,0.22,0.6278,0.50425
0.7,0.24,0.6081,0.50505
0.7,0.26,0.62065,0.4965
0.7,0.28,0.6105,0.5102
0.7,0.3,0.61355,0.50415
0.7,0.32,0.6141,0.4949
0.7,0.34,0.6292,0.48995
0.7,0.36,0.62385,0.4943
0.7,0.38,0.6148,0.49485
0.7,0.4,0.59755,0.49315
0.7,0.42,0.6047,0.4938
0.7,0.44,0.6389,0.49075
0.7,0.46,0.61305,0.49925
0.7,0.48,0.62295,0.4993
0.7,0.5,0.61475,0.4886
0.7,0.52,0.5953,0.49985
0.7,0.54,0.61155,0.4983
0.7,0.56,0.6082,0.4873
0.7,0.58,0.6063,0.5078
0.7,0.6,0.61445,0.5035
0.7,0.62,0.6121,0.50695
0.7,0.64,0.6088,0.49055
0.7,0.66,0.61705,0.492
0.7,0.68,0.62125,0.5088
0.7,0.7,0.6182,0.5067
0.7,0.72,0.6132,0.5097
0.7,0.74,0.60545,0.50705
0.7,0.76,0.6253,0.4834
0.7,0.78,0.6178,0.50195
0.7,0.8,0.6125,0.4936
0.7,0.82,0.6036,0.50995
0.7,0.84,0.6173,0.5084
0.7,0.86,0.6266,0.47475
0.7,0.88,0.62155,0.50675
0.7,0.9,0.61315,0.4875
0.7,0.92,0.5947,0.50285
0.7,0.94,0.6103,0.49645
0.7,0.96,0.616,0.4982
0.7,0.98,0.61965,0.49215
0.7,1,0.61235,0.50335
0.72,0.02,0.6073,0.48205
0.72,0.04,0.6132,0.4902
0.72,0.06,0.6132,0.50005
0.72,0.08,0.6134,0.51625
0.72,0.1,0.61265,0.4923
0.72,0.12,0.6208,0.49285
0.72,0.14,0.6141,0.4997
0.72,0.16,0.61195,0.4945
0.72,0.18,0.59325,0.5092
0.72,0.2,0.6088,0.5005
0.72,0.22,0.6158,0.4881
0.72,0.24,0.5931,0.49215
0.72,0.26,0.6112,0.49155
0.72,0.28,0.60395,0.4947
0.72,0.3,0.6161,0.51325
0.72,0.32,0.6077,0.50325
0.72,0.34,0.62015,0.4979
0.72,0.36,0.6155,0.4947
0.72,0.38,0.6157,0.50725
0.72,0.4,0.5967,0.5004
0.72,0.42,0.60995,0.4963
0.72,0.44,0.61265,0.509
0.72,0.46,0.59515,0.4907
0.72,0.48,0.6063,0.49575
0.72,0.5,0.61165,0.485
0.72,0.52,0.60135,0.49225
0.72,0.54,0.59845,0.48265
0.72,0.56,0.60465,0.4921
0.72,0.58,0.60545,0.49685
0.72,0.6,0.6056,0.5005
0.72,0.62,0.6211,0.4919
0.72,0.64,0.6089,0.47175
0.72,0.66,0.61575,0.4842
0.72,0.68,0.5993,0.51835
0.72,0.7,0.60555,0.50605
0.72,0.72,0.59415,0.5055
0.72,0.74,0.61265,0.4949
0.72,0.76,0.5899,0.50505
0.72,0.78,0.60505,0.4901
0.72,0.8,0.6168,0.4916
0.72,0.82,0.60965,0.4879
0.72,0.84,0.60515,0.4936
0.72,0.86,0.61285,0.49085
0.72,0.88,0.62265,0.49485
0.72,0.9,0.6068,0.48765
0.72,0.92,0.6144,0.50495
0.72,0.94,0.62105,0.5064
0.72,0.96,0.6131,0.48775
0.72,0.98,0.6054,0.49095
0.72,1,0.6143,0.4908
0.74,0.02,0.60185,0.49005
0.74,0.04,0.615,0.4929
0.74,0.06,0.5997,0.49975
0.74,0.08,0.5917,0.4889
0.74,0.1,0.61635,0.49295
0.74,0.12,0.6107,0.49035
0.74,0.14,0.60625,0.493
0.74,0.16,0.60475,0.49105
0.74,0.18,0.60695,0.4846
0.74,0.2,0.62425,0.48865
0.74,0.22,0.6131,0.4748
0.74,0.24,0.6064,0.4839
0.74,0.26,0.5841,0.49505
0.74,0.28,0.60675,0.48965
0.74,0.3,0.60055,0.51615
0.74,0.32,0.6111,0.4961
0.74,0.34,0.61275,0.4894
0.74,0.36,0.6042,0.50935
0.74,0.38,0.60115,0.4923
0.74,0.4,0.60805,0.4803
0.74,0.42,0.5962,0.4997
0.74,0.44,0.6123,0.4857
0.74,0.46,0.6065,0.48775
0.74,0.48,0.60765,0.5086
0.74,0.5,0.60755,0.4871
0.74,0.52,0.6182,0.48495
0.74,0.54,0.61595,0.4997
0.74,0.56,0.6021,0.492
0.74,0.58,0.6058,0.4918
0.74,0.6,0.6077,0.4738
0.74,0.62,0.59615,0.4809
0.74,0.64,0.60545,0.4996
0.74,0.66,0.6068,0.50255
0.74,0.68,0.6011,0.4985
0.74,0.7,0.59085,0.492
0.74,0.72,0.62165,0.47655
0.74,0.74,0.61115,0.48625
0.74,0.76,0.6103,0.48605
0.74,0.78,0.60645,0.47635
0.74,0.8,0.60255,0.5014
0.74,0.82,0.60645,0.4969
0.74,0.84,0.5994,0.50475
0.74,0.86,0.615,0.5024
0.74,0.88,0.6004,0.493
0.74,0.9,0.6147,0.4769
0.74,0.92,0.6065,0.49715
0.74,0.94,0.6074,0.50345
0.74,0.96,0.58845,0.50655
0.74,0.98,0.5986,0.51305
0.74,1,0.605,0.49715
0.76,0.02,0.5935,0.4975
0.76,0.04,0.60355,0.4893
0.76,0.06,0.6216,0.49225
0.76,0.08,0.60425,0.4962
0.76,0.1,0.6105,0.497
0.76,0.12,0.61715,0.49465
0.76,0.14,0.59945,0.50385
0.76,0.16,0.61595,0.48
0.76,0.18,0.62055,0.47745
0.76,0.2,0.59915,0.48965
0.76,0.22,0.5974,0.50525
0.76,0.24,0.59985,0.49315
0.76,0.26,0.59635,0.49245
0.76,0.28,0.59575,0.4833
0.76,0.3,0.6064,0.47795
0.76,0.32,0.6208,0.48465
0.76,0.34,0.6045,0.50115
0.76,0.36,0.5993,0.49295
0.76,0.38,0.5857,0.49715
0.76,0.4,0.6056,0.49105
0.76,0.42,0.615,0.484
0.76,0.44,0.5994,0.4726
0.76,0.46,0.60045,0.48545
0.76,0.48,0.612,0.49155
0.76,0.5,0.60775,0.48815
0.76,0.52,0.5942,0.4984
0.76,0.54,0.6075,0.4873
0.76,0.56,0.6199,0.47475
0.76,0.58,0.61085,0.4932
0.76,0.6,0.59355,0.49165
0.76,0.62,0.58865,0.48535
0.76,0.64,0.6016,0.4905
0.76,0.66,0.60005,0.4897
0.76,0.68,0.60735,0.4773
0.76,0.7,0.6173,0.49085
0.76,0.72,0.61505,0.4776
0.76,0.74,0.61435,0.49005
0.76,0.76,0.60625,0.49995
0.76,0.78,0.61415,0.47415
0.76,0.8,0.61475,0.48575
0.76,0.82,0.6081,0.48775
0.76,0.84,0.59795,0.5019
0.76,0.86,0.5979,0.48275
0.76,0.88,0.60895,0.49455
0.76,0.9,0.6112,0.4834
0.76,0.92,0.6135,0.48625
0.76,0.94,0.60135,0.4814
0.76,0.96,0.5961,0.4997
0.76,0.98,0.60715,0.47755
0.76,1,0.59885,0.4847
0.78,0.02,0.6127,0.4786
0.78,0.04,0.6196,0.5007
0.78,0.06,0.5972,0.4839
0.78,0.08,0.6114,0.48145
0.78,0.1,0.59605,0.4661
0.78,0.12,0.61255,0.4826
0.78,0.14,0.5941,0.507
0.78,0.16,0.6122,0.48495
0.78,0.18,0.6046,0.48945
0.78,0.2,0.5787,0.49345
0.78,0.22,0.596,0.481
0.78,0.24,0.6031,0.49605
0.78,0.26,0.59875,0.4907
0.78,0.28,0.5933,0.49685
0.78,0.3,0.59445,0.4781
0.78,0.32,0.6069,0.4925
0.78,0.34,0.59915,0.49255
0.78,0.36,0.60195,0.46635
0.78,0.38,0.599,0.4826
0.78,0.4,0.6134,0.48205
0.78,0.42,0.60455,0.4824
0.78,0.44,0.60505,0.49705
0.78,0.46,0.6104,0.4787
0.78,0.48,0.60915,0.50065
0.78,0.5,0.599,0.4849
0.78,0.52,0.60885,0.48045
0.78,0.54,0.5981,0.49365
0.78,0.56,0.59635,0.48285
0.78,0.58,0.6159,0.4652
0.78,0.6,0.6022,0.48295
0.78,0.62,0.59255,0.4963
0.78,0.64,0.60635,0.50075
0.78,0.66,0.604,0.49715
0.78,0.68,0.6176,0.5049
0.78,0.7,0.60335,0.4891
0.78,0.72,0.61715,0.4825
0.78,0.74,0.6256,0.47835
0.78,0.76,0.5949,0.49025
0.78,0.78,0.6085,0.4827
0.78,0.8,0.59425,0.4826
0.78,0.82,0.5916,0.49835
0.78,0.84,0.61205,0.48415
0.78,0.86,0.5989,0.4762
0.78,0.88,0.62905,0.4833
0.78,0.9,0.5967,0.5039
0.78,0.92,0.60585,0.4911
0.78,0.94,0.61245,0.48995
0.78,0.96,0.60985,0.4791
0.78,0.98,0.5976,0.50465
0.78,1,0.6035,0.49615
0.8,0.02,0.5897,0.4844
0.8,0.04,0.5992,0.49395
0.8,0.06,0.5961,0.4794
0.8,0.08,0.59855,0.485
0.8,0.1,0.6039,0.49835
0.8,0.12,0.6004,0.4891
0.8,0.14,0.59705,0.47135
0.8,0.16,0.598,0.49235
0.8,0.18,0.57945,0.48675
0.8,0.2,0.6082,0.46875
0.8,0.22,0.597,0.49615
0.8,0.24,0.60625,0.49475
0.8,0.26,0.60265,0.48145
0.8,0.28,0.5965,0.5011
0.8,0.3,0.5986,0.4856
0.8,0.32,0.6097,0.473
0.8,0.34,0.6059,0.49095
0.8,0.36,0.6062,0.50725
0.8,0.38,0.6028,0.48245
0.8,0.4,0.608,0.4731
0.8,0.42,0.6069,0.49355
0.8,0.44,0.60365,0.49005
0.8,0.46,0.58935,0.4794
0.8,0.48,0.61865,0.47855
0.8,0.5,0.60725,0.47965
0.8,0.52,0.59205,0.4771
0.8,0.54,0.59995,0.4703
0.8,0.56,0.59655,0.4781
0.8,0.58,0.57615,0.49215
0.8,0.6,0.60475,0.49125
0.8,0.62,0.5916,0.48155
0.8,0.64,0.59845,0.499
0.8,0.66,0.60855,0.47855
0.8,0.68,0.58335,0.48325
0.8,0.7,0.59105,0.50185
0.8,0.72,0.5918,0.4791
0.8,0.74,0.5895,0.48745
0.8,0.76,0.59435,0.4931
0.8,0.78,0.59835,0.5072
0.8,0.8,0.6041,0.48305
0.8,0.82,0.6026,0.48925
0.8,0.84,0.6041,0.46955
0.8,0.86,0.62065,0.48595
0.8,0.88,0.599,0.48715
0.8,0.9,0.59385,0.47695
0.8,0.92,0.5857,0.48775
0.8,0.94,0.61765,0.4742
0.8,0.96,0.5883,0.48725
0.8,0.98,0.6063,0.4872
0.8,1,0.6037,0.48795
0.82,0.02,0.59715,0.48385
0.82,0.04,0.57305,0.4837
0.82,0.06,0.5943,0.4717
0.82,0.08,0.60055,0.4809
0.82,0.1,0.5944,0.47715
0.82,0.12,0.59175,0.4833
0.82,0.14,0.58935,0.47735
0.82,0.16,0.58325,0.4709
0.82,0.18,0.59775,0.49025
0.82,0.2,0.61415,0.4885
0.82,0.22,0.6025,0.4782
0.82,0.24,0.59175,0.49845
0.82,0.26,0.5979,0.49485
0.82,0.28,0.59295,0.49045
0.82,0.3,0.581,0.47805
0.82,0.32,0.6048,0.48355
0.82,0.34,0.5939,0.49385
0.82,0.36,0.5947,0.49595
0.82,0.38,0.59925,0.4725
0.82,0.4,0.5727,0.4868
0.82,0.42,0.60975,0.49155
0.82,0.44,0.60375,0.4786
0.82,0.46,0.61375,0.49085
0.82,0.48,0.60585,0.48505
0.82,0.5,0.58695,0.4837
0.82,0.52,0.59595,0.49685
0.82,0.54,0.60755,0.4859
0.82,0.56,0.5929,0.4869
0.82,0.58,0.605,0.48195
0.82,0.6,0.6006,0.4869
0.82,0.62,0.58955,0.47145
0.82,0.64,0.6017,0.492
0.82,0.66,0.6111,0.474
0.82,0.68,0.5973,0.49315
0.82,0.7,0.62145,0.48115
0.82,0.72,0.5946,0.4917
0.82,0.74,0.59105,0.47345
0.82,0.76,0.59415,0.4737
0.82,0.78,0.61155,0.4747
0.82,0.8,0.59505,0.49555
0.82,0.82,0.5854,0.4742
0.82,0.84,0.59215,0.4719
0.82,0.86,0.5929,0.48
0.82,0.88,0.59725,0.4805
0.82,0.9,0.6171,0.48275
0.82,0.92,0.59825,0.4659
0.82,0.94,0.60235,0.4685
0.82,0.96,0.60085,0.48065
0.82,0.98,0.60565,0.4987
0.82,1,0.6096,0.47875
0.84,0.02,0.59825,0.48925
0.84,0.04,0.59005,0.47765
0.84,0.06,0.59165,0.4865
0.84,0.08,0.60415,0.48665
0.84,0.1,0.5989,0.48355
0.84,0.12,0.5918,0.49735
0.84,0.14,0.5866,0.5033
0.84,0.16,0.5904,0.48655
0.84,0.18,0.5787,0.4749
0.84,0.2,0.6006,0.47915
0.84,0.22,0.585,0.47365
0.84,0.24,0.59355,0.489
0.84,0.26,0.6026,0.48225
0.84,0.28,0.59775,0.4755
0.84,0.3,0.59785,0.46925
0.84,0.32,0.5952,0.48075
0.84,0.34,0.6031,0.4908
0.84,0.36,0.592,0.4694
0.84,0.38,0.58005,0.48745
0.84,0.4,0.59515,0.47955
0.84,0.42,0.60335,0.48075
0.84,0.44,0.5818,0.4914
0.84,0.46,0.59,0.5022
0.84,0.48,0.5902,0.46685
0.84,0.5,0.61935,0.4757
0.84,0.52,0.58035,0.47255
0.84,0.54,0.5668,0.50115
0.84,0.56,0.59685,0.47115
0.84,0.58,0.5884,0.4875
0.84,0.6,0.58805,0.4675
0.84,0.62,0.5959,0.4853
0.84,0.64,0.60225,0.47305
0.84,0.66,0.5781,0.49005
0.84,0.68,0.61895,0.4693
0.84,0.7,0.57775,0.496
0.84,0.72,0.5839,0.4754
0.84,0.74,0.5976,0.44615
0.84,0.76,0.60175,0.46885
0.84,0.78,0.5953,0.4833
0.84,0.8,0.5993,0.47985
0.84,0.82,0.5867,0.47465
0.84,0.84,0.59105,0.47575
0.84,0.86,0.59385,0.48525
0.84,0.88,0.59385,0.4901
0.84,0.9,0.59525,0.48115
0.84,0.92,0.5951,0.47225
0.84,0.94,0.6063,0.4571
0.84,0.96,0.5874,0.4755
0.84,0.98,0.59815,0.48755
0.84,1,0.58425,0.47275
0.86,0.02,0.5981,0.45495
0.86,0.04,0.60095,0.47425
0.86,0.06,0.5881,0.48115
0.86,0.08,0.57825,0.473
0.86,0.1,0.6041,0.4893
0.86,0.12,0.59615,0.47245
0.86,0.14,0.58885,0.4817
0.86,0.16,0.5827,0.48585
0.86,0.18,0.5866,0.4885
0.86,0.2,0.58275,0.4637
0.86,0.22,0.5878,0.47145
0.86,0.24,0.58105,0.49045
0.86,0.26,0.5738,0.47995
0.86,0.28,0.59285,0.48545
0.86,0.3,0.58365,0.48165
0.86,0.32,0.5793,0.4877
0.86,0.34,0.588,0.47055
0.86,0.36,0.58865,0.4745
0.86,0.38,0.60285,0.4812
0.86,0.4,0.5907,0.4564
0.86,0.42,0.6174,0.46905
0.86,0.44,0.5865,0.48335
0.86,0.46,0.595,0.4735
0.86,0.48,0.5951,0.48275
0.86,0.5,0.5915,0.4877
0.86,0.52,0.60375,0.4689
0.86,0.54,0.5866,0.47095
0.86,0.56,0.5861,0.47235
0.86,0.58,0.5891,0.4835
0.86,0.6,0.5892,0.46845
0.86,0.62,0.595,0.47245
0.86,0.64,0.591,0.48635
0.86,0.66,0.58515,0.47095
0.86,0.68,0.58705,0.47305
0.86,0.7,0.58845,0.4773
0.86,0.72,0.59875,0.46425
0.86,0.74,0.59225,0.47065
0.86,0.76,0.60185,0.47775
0.86,0.78,0.58385,0.4787
0.86,0.8,0.58865,0.4809
0.86,0.82,0.5833,0.4743
0.86,0.84,0.59075,0.47785
0.86,0.86,0.59145,0.48285
0.86,0.88,0.59795,0.4828
0.86,0.9,0.59045,0.48935
0.86,0.92,0.59045,0.484
0.86,0.94,0.57935,0.47375
0.86,0.96,0.5979,0.4781
0.86,0.98,0.5906,0.46945
0.86,1,0.60125,0.4692
0.88,0.02,0.5965,0.4642
0.88,0.04,0.58765,0.48425
0.88,0.06,0.59225,0.4787
0.88,0.08,0.59755,0.4856
0.88,0.1,0.59625,0.4701
0.88,0.12,0.59845,0.4678
0.88,0.14,0.57565,0.4971
0.88,0.16,0.6009,0.47165
0.88,0.18,0.5892,0.46195
0.88,0.2,0.5856,0.4595
0.88,0.22,0.57865,0.4743
0.88,0.24,0.60105,0.47375
0.88,0.26,0.60035,0.45935
0.88,0.28,0.58655,0.4682
0.88,0.3,0.59255,0.4775
0.88,0.32,0.5904,0.46925
0.88,0.34,0.58875,0.46455
0.88,0.36,0.58175,0.47805
0.88,0.38,0.59265,0.4678
0.88,0.4,0.58375,0.47485
0.88,0.42,0.5788,0.4761
0.88,0.44,0.5859,0.4683
0.88,0.46,0.59235,0.4812
0.88,0.48,0.5881,0.4977
0.88,0.5,0.57845,0.4841
0.88,0.52,0.5993,0.47105
0.88,0.54,0.58565,0.47315
0.88,0.56,0.58985,0.481
0.88,0.58,0.60345,0.4553
0.88,0.6,0.57075,0.4776
0.88,0.62,0.56975,0.48005
0.88,0.64,0.6079,0.4733
0.88,0.66,0.5809,0.48385
0.88,0.68,0.57555,0.48525
0.88,0.7,0.5744,0.4843
0.88,0.72,0.58935,0.4776
0.88,0.74,0.59105,0.46145
0.88,0.76,0.59325,0.4524
0.88,0.78,0.5874,0.4638
0.88,0.8,0.58695,0.46005
0.88,0.82,0.58165,0.47965
0.88,0.84,0.5922,0.4728
0.88,0.86,0.58085,0.5001
0.88,0.88,0.6035,0.4654
0.88,0.9,0.5759,0.495
0.88,0.92,0.59435,0.45725
0.88,0.94,0.5969,0.4717
0.88,0.96,0.59495,0.4715
0.88,0.98,0.5929,0.4747
0.88,1,0.5808,0.47905
0.9,0.02,0.58075,0.4846
0.9,0.04,0.58355,0.4763
0.9,0.06,0.569,0.45925
0.9,0.08,0.5728,0.4771
0.9,0.1,0.5714,0.48045
0.9,0.12,0.57265,0.4765
0.9,0.14,0.5879,0.47445
0.9,0.16,0.56945,0.47825
0.9,0.18,0.573,0.47795
0.9,0.2,0.5741,0.46485
0.9,0.22,0.57405,0.4873
0.9,0.24,0.5736,0.4754
0.9,0.26,0.5798,0.4652
0.9,0.28,0.56895,0.45695
0.9,0.3,0.5713,0.4775
0.9,0.32,0.5905,0.47815
0.9,0.34,0.5767,0.48015
0.9,0.36,0.57155,0.4637
0.9,0.38,0.59055,0.46745
0.9,0.4,0.5772,0.48265
0.9,0.42,0.5853,0.46785
0.9,0.44,0.58175,0.48845
0.9,0.46,0.57865,0.46625
0.9,0.48,0.58805,0.46995
0.9,0.5,0.5851,0.48275
0.9,0.52,0.5932,0.4803
0.9,0.54,0.59055,0.47265
0.9,0.56,0.60085,0.4761
0.9,0.58,0.58735,0.47685
0.9,0.6,0.58965,0.4833
0.9,0.62,0.5647,0.4711
0.9,0.64,0.5828,0.47935
0.9,0.66,0.58395,0.4732
0.9,0.68,0.60265,0.4582
0.9,0.7,0.5893,0.4768
0.9,0.72,0.5892,0.46995
0.9,0.74,0.5866,0.47005
0.9,0.76,0.57955,0.45885
0.9,0.78,0.57115,0.47875
0.9,0.8,0.5821,0.4763
0.9,0.82,0.5983,0.4791
0.9,0.84,0.5914,0.4731
0.9,0.86,0.58775,0.4648
0.9,0.88,0.5895,0.4823
0.9,0.9,0.5763,0.4591
0.9,0.92,0.58615,0.47295
0.9,0.94,0.58625,0.4833
0.9,0.96,0.5947,0.46755
0.9,0.98,0.58185,0.46915
0.9,1,0.5808,0.47505
0.92,0.02,0.5715,0.4714
0.92,0.04,0.56775,0.4751
0.92,0.06,0.58165,0.46095
0.92,0.08,0.5841,0.45655
0.92,0.1,0.57655,0.4636
0.92,0.12,0.57715,0.45155
0.92,0.14,0.5997,0.45795
0.92,0.16,0.5885,0.4755
0.92,0.18,0.5862,0.4682
0.92,0.2,0.58545,0.45495
0.92,0.22,0.5914,0.4649
0.92,0.24,0.5773,0.47465
0.92,0.26,0.5897,0.45705
0.92,0.28,0.5859,0.4862
0.92,0.3,0.57435,0.46495
0.92,0.32,0.58725,0.46415
0.92,0.34,0.57615,0.4499
0.92,0.36,0.57415,0.46135
0.92,0.38,0.57535,0.4706
0.92,0.4,0.58515,0.4674
0.92,0.42,0.5657,0.48075
0.92,0.44,0.57255,0.46715
0.92,0.46,0.5808,0.4652
0.92,0.48,0.58355,0.46115
0.92,0.5,0.56855,0.45145
0.92,0.52,0.58335,0.4848
0.92,0.54,0.59385,0.4476
0.92,0.56,0.58345,0.46195
0.92,0.58,0.5789,0.4631
0.92,0.6,0.5804,0.4536
0.92,0.62,0.57275,0.4739
0.92,0.64,0.58535,0.45565
0.92,0.66,0.57995,0.45575
0.92,0.68,0.5818,0.4769
0.92,0.7,0.60295,0.4558
0.92,0.72,0.6025,0.47925
0.92,0.74,0.5775,0.4636
0.92,0.76,0.59335,0.4721
0.92,0.78,0.5745,0.47675
0.92,0.8,0.58425,0.4802
0.92,0.82,0.5872,0.46975
0.92,0.84,0.59075,0.45045
0.92,0.86,0.5843,0.4785
0.92,0.88,0.5698,0.4759
0.92,0.9,0.59075,0.47485
0.92,0.92,0.57775,0.47495
0.92,0.94,0.56855,0.47345
0.92,0.96,0.60325,0.458
0.92,0.98,0.5886,0.46775
0.92,1,0.58325,0.47095
0.94,0.02,0.5931,0.4626
0.94,0.04,0.57465,0.4664
0.94,0.06,0.58805,0.46265
0.94,0.08,0.58605,0.474
0.94,0.1,0.5814,0.4629
0.94,0.12,0.5905,0.47375
0.94,0.14,0.56865,0.4679
0.94,0.16,0.58555,0.4637
0.94,0.18,0.566,0.4652
0.94,0.2,0.57605,0.4584
0.94,0.22,0.57995,0.46175
0.94,0.24,0.58305,0.4551
0.94,0.26,0.58655,0.45845
0.94,0.28,0.57875,0.46845
0.94,0.3,0.5702,0.4737
0.94,0.32,0.5757,0.4639
0.94,0.34,0.56185,0.47035
0.94,0.36,0.5882,0.47395
0.94,0.38,0.5894,0.46365
0.94,0.4,0.59115,0.46755
0.94,0.42,0.5803,0.4753
0.94,0.44,0.59435,0.45585
0.94,0.46,0.59195,0.452
0.94,0.48,0.57535,0.4758
0.94,0.5,0.5818,0.46445
0.94,0.52,0.58085,0.4724
0.94,0.54,0.59225,0.46225
0.94,0.56,0.5818,0.47745
0.94,0.58,0.56775,0.46355
0.94,0.6,0.5916,0.4393
0.94,0.62,0.58495,0.46265
0.94,0.64,0.5865,0.47245
0.94,0.66,0.58135,0.47155
0.94,0.68,0.5928,0.443
0.94,0.7,0.5855,0.4518
0.94,0.72,0.5841,0.4652
0.94,0.74,0.60105,0.459
0.94,0.76,0.58015,0.4664
0.94,0.78,0.5736,0.482
0.94,0.8,0.58115,0.4663
0.94,0.82,0.5731,0.47085
0.94,0.84,0.57705,0.4776
0.94,0.86,0.584,0.458
0.94,0.88,0.57275,0.48075
0.94,0.9,0.58005,0.45515
0.94,0.92,0.58445,0.43745
0.94,0.94,0.56735,0.46435
0.94,0.96,0.5667,0.4623
0.94,0.98,0.5864,0.47025
0.94,1,0.5856,0.459
0.96,0.02,0.5793,0.4649
0.96,0.04,0.5593,0.46365
0.96,0.06,0.58455,0.4458
0.96,0.08,0.57475,0.46335
0.96,0.1,0.5735,0.4673
0.96,0.12,0.5519,0.46945
0.96,0.14,0.56825,0.45585
0.96,0.16,0.5839,0.43555
0.96,0.18,0.591,0.46725
0.96,0.2,0.5741,0.45495
0.96,0.22,0.57325,0.45545
0.96,0.24,0.5718,0.4606
0.96,0.26,0.56905,0.45225
0.96,0.28,0.5834,0.4765
0.96,0.3,0.56685,0.4653
0.96,0.32,0.55485,0.4695
0.96,0.34,0.5743,0.44995
0.96,0.36,0.5871,0.46925
0.96,0.38,0.58115,0.45765
0.96,0.4,0.5841,0.46975
0.96,0.42,0.5716,0.46645
0.96,0.44,0.58335,0.4699
0.96,0.46,0.5738,0.4482
0.96,0.48,0.58115,0.45735
0.96,0.5,0.5911,0.45515
0.96,0.52,0.57825,0.4716
0.96,0.54,0.57895,0.4667
0.96,0.56,0.56685,0.474
0.96,0.58,0.56955,0.47015
0.96,0.6,0.5762,0.46555
0.96,0.62,0.5723,0.4752
0.96,0.64,0.57945,0.4734
0.96,0.66,0.58095,0.4429
0.96,0.68,0.59195,0.46015
0.96,0.7,0.57005,0.46285
0.96,0.72,0.57385,0.45695
0.96,0.74,0.5694,0.4577
0.96,0.76,0.59065,0.46595
0.96,0.78,0.59225,0.44385
0.96,0.8,0.5818,0.4522
0.96,0.82,0.57005,0.47265
0.96,0.84,0.58225,0.4554
0.96,0.86,0.57035,0.45935
0.96,0.88,0.58055,0.477
0.96,0.9,0.57045,0.4704
0.96,0.92,0.57145,0.4763
0.96,0.94,0.5846,0.45905
0.96,0.96,0.57285,0.4672
0.96,0.98,0.56095,0.47615
0.96,1,0.57205,0.46435
0.98,0.02,0.56425,0.45975
0.98,0.04,0.56965,0.4623
0.98,0.06,0.5805,0.46245
0.98,0.08,0.57275,0.46295
0.98,0.1,0.56005,0.46065
0.98,0.12,0.5618,0.4595
0.98,0.14,0.56165,0.4704
0.98,0.16,0.5775,0.4608
0.98,0.18,0.5802,0.4626
0.98,0.2,0.55505,0.4599
0.98,0.22,0.5567,0.4571
0.98,0.24,0.57765,0.45675
0.98,0.26,0.575,0.4732
0.98,0.28,0.563,0.46705
0.98,0.3,0.5739,0.4749
0.98,0.32,0.5753,0.4716
0.98,0.34,0.56705,0.45055
0.98,0.36,0.56385,0.4309
0.98,0.38,0.59145,0.452
0.98,0.4,0.58335,0.45305
0.98,0.42,0.57575,0.4666
0.98,0.44,0.56795,0.4603
0.98,0.46,0.5855,0.4525
0.98,0.48,0.57275,0.46445
0.98,0.5,0.585,0.4342
0.98,0.52,0.5806,0.4468
0.98,0.54,0.5815,0.46735
0.98,0.56,0.5846,0.4658
0.98,0.58,0.57055,0.4561
0.98,0.6,0.57485,0.4452
0.98,0.62,0.5757,0.46145
0.98,0.64,0.58395,0.44595
0.98,0.66,0.56875,0.46475
0.98,0.68,0.5765,0.45145
0.98,0.7,0.5789,0.4542
0.98,0.72,0.56725,0.4605
0.98,0.74,0.5849,0.45015
0.98,0.76,0.56495,0.47
0.98,0.78,0.58055,0.45365
0.98,0.8,0.57965,0.44965
0.98,0.82,0.5736,0.4555
0.98,0.84,0.58745,0.47325
0.98,0.86,0.5723,0.4559
0.98,0.88,0.571,0.4464
0.98,0.9,0.5745,0.45435
0.98,0.92,0.56065,0.4603
0.98,0.94,0.55825,0.47475
0.98,0.96,0.5751,0.448
0.98,0.98,0.58585,0.4521
0.98,1,0.5711,0.4605
1,0.02,0.5487,0.45665
1,0.04,0.55655,0.46575
1,0.06,0.5683,0.4548
1,0.08,0.5708,0.4565
1,0.1,0.56005,0.4578
1,0.12,0.5614,0.45895
1,0.14,0.56035,0.45845
1,0.16,0.58005,0.44435
1,0.18,0.577,0.4565
1,0.2,0.5631,0.43755
1,0.22,0.56925,0.4665
1,0.24,0.56865,0.45545
1,0.26,0.55995,0.47255
1,0.28,0.56725,0.4491
1,0.3,0.57295,0.44755
1,0.32,0.5841,0.463
1,0.34,0.5596,0.4647
1,0.36,0.5675,0.45255
1,0.38,0.581,0.4652
1,0.4,0.5799,0.45325
1,0.42,0.56125,0.46275
1,0.44,0.5732,0.46095
1,0.46,0.56075,0.46195
1,0.48,0.55955,0.45405
1,0.5,0.5735,0.4647
1,0.52,0.5734,0.4616
1,0.54,0.5863,0.42975
1,0.56,0.56405,0.4585
1,0.58,0.57635,0.4559
1,0.6,0.5847,0.45525
1,0.62,0.57155,0.4548
1,0.64,0.5568,0.46015
1,0.66,0.57095,0.44885
1,0.68,0.5879,0.46775
1,0.7,0.5626,0.44685
1,0.72,0.57555,0.46085
1,0.74,0.5725,0.4715
1,0.76,0.56165,0.4535
1,0.78,0.5717,0.4523
1,0.8,0.57555,0.46625
1,0.82,0.57835,0.4564
1,0.84,0.5735,0.4443
1,0.86,0.57205,0.4666
1,0.88,0.5754,0.4372
1,0.9,0.5717,0.444
1,0.92,0.571,0.45065
1,0.94,0.5642,0.4644
1,0.96,0.57015,0.4599
1,0.98,0.56445,0.4562
1,1,0.56975,0.4509
